K,C,scenario,routing_mode,num_routes,policy,n_drones,mean_h1,mean_h2,mean_risk,frames_per_drone,channel_util
1,2,1r_astar,risk_astar,1,aoi-normalized,6,60.541666666666664,302.485,697.5741166666667,12.333333333333334,0.8046100818612667
1,2,1r_astar,risk_astar,1,aoi-pure,6,176.52,285.56,664.7772666666667,13,0.8047276464542652
1,2,1r_astar,risk_astar,1,max-weight-drift,6,104.06333333333333,287.225,665.9330333333334,13,0.80532617671346
1,2,1r_astar,risk_astar,1,max-weight-drift,6,104.06333333333333,287.225,665.9330333333334,13,0.80532617671346
1,2,1r_astar,risk_astar,1,max-weight-sw,6,58.585,311.6483333333333,653.7196833333334,12.5,0.8052477524566172
1,2,1r_astar,risk_astar,1,pf-classic,6,64.18166666666667,323.45166666666665,720.3333166666666,12.666666666666666,0.806070826306914
1,2,1r_astar,risk_astar,1,pf-classic,6,64.18166666666667,323.45166666666665,720.3333166666666,12.666666666666666,0.806070826306914
1,2,1r_astar,risk_astar,1,pf-classic-sw,6,2.93,593.625,1141.8464166666668,6,0.8026905829596412
1,2,1r_astar,risk_astar,1,risk-aware,6,186.03,290.50333333333333,664.8322166666667,13,0.8042094455852156
1,2,1r_astar,risk_astar,1,round-robin,6,148.64666666666668,318.495,709.6012333333333,13,0.8045669615305493
1,2,1r_astar,risk_astar,1,round-robin,6,148.64666666666668,318.495,709.6012333333333,13,0.8045669615305493
1,2,1r_astar,risk_astar,1,round-robin-sw,6,3.22,593.1533333333333,1141.83425,6,0.8053061224489796
1,4,1r_astar,risk_astar,1,aoi-normalized,13,62.20461538461539,502.18692307692305,1078.853853846154,6.3076923076923075,0.8056965595036661
1,4,1r_astar,risk_astar,1,aoi-pure,13,342.7846153846154,498.6176923076923,1099.683446153846,6.461538461538462,0.8051913059098258
1,4,1r_astar,risk_astar,1,max-weight-drift,13,67.98461538461538,503.77230769230766,1080.7774153846153,6.461538461538462,0.8065972542154243
1,4,1r_astar,risk_astar,1,max-weight-drift,13,67.98461538461538,503.77230769230766,1080.7774153846153,6.461538461538462,0.8065972542154243
1,4,1r_astar,risk_astar,1,max-weight-sw,13,38.34076923076923,556.7561538461539,1062.5182692307692,6.384615384615385,0.8048921976215798
1,4,1r_astar,risk_astar,1,pf-classic,13,165.53230769230768,540.6784615384615,1067.5467230769232,6.6923076923076925,0.8059048660470203
1,4,1r_astar,risk_astar,1,pf-classic,13,165.53230769230768,540.6784615384615,1067.5467230769232,6.6923076923076925,0.8059048660470203
1,4,1r_astar,risk_astar,1,pf-classic-sw,13,5.133076923076923,1021.9369230769231,1550.8265384615383,2.769230769230769,0.8064343163538874
1,4,1r_astar,risk_astar,1,risk-aware,13,330.1307692307692,507.14,1074.5940307692308,6.461538461538462,0.8054058908045977
1,4,1r_astar,risk_astar,1,round-robin,13,258.4807692307692,581.6869230769231,1153.4586538461538,6.769230769230769,0.8050405040504051
1,4,1r_astar,risk_astar,1,round-robin,13,258.4807692307692,581.6869230769231,1153.4586538461538,6.769230769230769,0.8050405040504051
1,4,1r_astar,risk_astar,1,round-robin-sw,13,5.9192307692307695,1026.7784615384614,1554.7449692307694,2.6923076923076925,0.8048214285714286
1,8,1r_astar,risk_astar,1,aoi-normalized,26,64.27730769230769,730.48,1330.6464615384616,3.076923076923077,0.8053785607196402
1,8,1r_astar,risk_astar,1,aoi-pure,26,583.1953846153846,714.1892307692308,1532.3429423076923,3.1923076923076925,0.8062069566733502
1,8,1r_astar,risk_astar,1,max-weight-drift,26,70.81038461538462,722.6480769230769,1325.6122115384615,3.1153846153846154,0.8057718735684838
1,8,1r_astar,risk_astar,1,max-weight-drift,26,70.81038461538462,722.6480769230769,1325.6122115384615,3.1153846153846154,0.8057718735684838
1,8,1r_astar,risk_astar,1,max-weight-sw,26,25.486923076923077,875.6857692307692,1442.657476923077,2.5384615384615383,0.8046468616344932
1,8,1r_astar,risk_astar,1,pf-classic,26,388.88153846153847,776.9884615384616,1411.447973076923,3.5,0.8057509672880759
1,8,1r_astar,risk_astar,1,pf-classic,26,388.88153846153847,776.9884615384616,1411.447973076923,3.5,0.8057509672880759
1,8,1r_astar,risk_astar,1,pf-classic-sw,26,9.575,1352.8480769230769,1802.8527923076922,1.3076923076923077,0.8117913832199547
1,8,1r_astar,risk_astar,1,risk-aware,26,558.8519230769231,727.8319230769231,1530.126903846154,3,0.8059623430962343
1,8,1r_astar,risk_astar,1,round-robin,26,513.6257692307693,952.4096153846153,1684.114976923077,3.5,0.8061812467260345
1,8,1r_astar,risk_astar,1,round-robin,26,513.6257692307693,952.4096153846153,1684.114976923077,3.5,0.8061812467260345
1,8,1r_astar,risk_astar,1,round-robin-sw,26,11.29653846153846,1351.1207692307692,1801.7429,1.3076923076923077,0.8072727272727273
1,16,1r_astar,risk_astar,1,aoi-normalized,52,63.12615384615385,1296.4809615384615,1766.3581403846154,1.3076923076923077,0.8072593371909521
1,16,1r_astar,risk_astar,1,aoi-pure,52,1080.428076923077,1239.803846153846,2965.2365673076924,1.5384615384615385,0.8060944206008583
1,16,1r_astar,risk_astar,1,max-weight-drift,52,79.00961538461539,1268.6515384615384,1748.1233903846155,1.4423076923076923,0.8057757644394111
1,16,1r_astar,risk_astar,1,max-weight-drift,52,79.00961538461539,1268.6515384615384,1748.1233903846155,1.4423076923076923,0.8057757644394111
1,16,1r_astar,risk_astar,1,max-weight-sw,52,10.054230769230768,1400.998653846154,1838.723821153846,0.11538461538461539,0.8165938864628821
1,16,1r_astar,risk_astar,1,pf-classic,52,577.4163461538461,1152.5628846153845,2102.5633653846153,1.7884615384615385,0.8060076177285319
1,16,1r_astar,risk_astar,1,pf-classic,52,577.4163461538461,1152.5628846153845,2102.5633653846153,1.7884615384615385,0.8060076177285319
1,16,1r_astar,risk_astar,1,pf-classic-sw,52,18.533846153846152,1396.7709615384615,1835.6240538461539,0.2692307692307692,0.808034188034188
1,16,1r_astar,risk_astar,1,risk-aware,52,902.0351923076923,1258.6090384615384,2702.271065384615,1.5,0.8060777749163018
1,16,1r_astar,risk_astar,1,round-robin,52,801.8125,1330.5971153846153,2572.4165826923077,1.7692307692307692,0.8061049011177988
1,16,1r_astar,risk_astar,1,round-robin,52,801.8125,1330.5971153846153,2572.4165826923077,1.7692307692307692,0.8061049011177988
1,16,1r_astar,risk_astar,1,round-robin-sw,52,21.95,1397.1584615384616,1835.9466442307692,0.25,0.8070624360286591
1,32,1r_astar,risk_astar,1,aoi-normalized,104,20.943173076923078,1401,1839.2143451923077,0,0.8119760479041916
1,32,1r_astar,risk_astar,1,aoi-pure,104,1257.0794230769231,1347.286826923077,4956.358472115385,0.2980769230769231,0.8060787671232876
1,32,1r_astar,risk_astar,1,max-weight-drift,104,52.534903846153846,1356.2315384615385,1815.2127182692307,0.2403846153846154,0.8085158150851581
1,32,1r_astar,risk_astar,1,max-weight-drift,104,52.534903846153846,1356.2315384615385,1815.2127182692307,0.2403846153846154,0.8085158150851581
1,32,1r_astar,risk_astar,1,max-weight-sw,104,18.305288461538463,1401,1838.8625875,0,0.8278688524590164
1,32,1r_astar,risk_astar,1,pf-classic,104,871.4532692307693,1363.176346153846,3711.76625,0.8846153846153846,0.80666152924051715
1,32,1r_astar,risk_astar,1,pf-classic,104,871.4532692307693,1363.176346153846,3711.76625,0.8846153846153846,0.80666152924051715
1,32,1r_astar,risk_astar,1,pf-classic-sw,104,36.589519230769234,1400.9900961538463,1841.8693461538462,0.038461538461538464,0.8073270013568521
1,32,1r_astar,risk_astar,1,risk-aware,104,842.19125,1347.8652884615385,3630.126021153846,0.2980769230769231,0.805959924644631
1,32,1r_astar,risk_astar,1,round-robin,104,1103.0152884615384,1400.6682692307693,4387.193670192308,0.6826923076923077,0.8061485909479078
1,32,1r_astar,risk_astar,1,round-robin,104,1103.0152884615384,1400.6682692307693,4387.193670192308,0.6826923076923077,0.8061485909479078
1,32,1r_astar,risk_astar,1,round-robin-sw,104,42.855192307692306,1400.9890384615385,1844.5485471153845,0.038461538461538464,0.8081287044877222
1,64,1r_astar,risk_astar,1,aoi-normalized,208,36.041682692307695,1401,1849.2620908653846,0,0.7997293640054127
1,64,1r_astar,risk_astar,1,aoi-pure,208,1329.2995192307692,1376.8611057692308,8696.743533173078,0.125,0.8056896551724138
1,64,1r_astar,risk_astar,1,max-weight-drift,208,38.78653846153846,1396.6620673076923,1847.5804221153846,0.038461538461538464,0.80653828929691
1,64,1r_astar,risk_astar,1,max-weight-drift,208,38.78653846153846,1396.6620673076923,1847.5804221153846,0.038461538461538464,0.80653828929691
1,64,1r_astar,risk_astar,1,max-weight-sw,208,35.740625,1401,1849.1829860576922,0,0.7916666666666666
1,64,1r_astar,risk_astar,1,pf-classic,208,1127.2627884615385,1386.4170192307693,7390.540828846154,0.44711538461538464,0.8052999318336742
1,64,1r_astar,risk_astar,1,pf-classic,208,1127.2627884615385,1386.4170192307693,7390.540828846154,0.44711538461538464,0.8052999318336742
1,64,1r_astar,risk_astar,1,pf-classic-sw,208,71.20778846153846,1401,1878.1272158653846,0,0.8051575931232091
1,64,1r_astar,risk_astar,1,risk-aware,208,784.1309615384615,1377.3136538461538,5162.386551923077,0.1201923076923077,0.8055531603000776
1,64,1r_astar,risk_astar,1,round-robin,208,1303.7721153846155,1400.921298076923,8515.754439423077,0.16346153846153846,0.8056485535239076
1,64,1r_astar,risk_astar,1,round-robin,208,1303.7721153846155,1400.921298076923,8515.754439423077,0.16346153846153846,0.8056485535239076
1,64,1r_astar,risk_astar,1,round-robin-sw,208,84.08778846153847,1401,1902.3780942307692,0,0.807659861650076
2,2,1r_astar,risk_astar,1,aoi-normalized,6,67.09333333333333,184.92166666666668,428.5257,21.166666666666668,0.8055899851264254
2,2,1r_astar,risk_astar,1,aoi-pure,6,85.99333333333334,181.04333333333335,424.76216666666664,22,0.8049351585014409
2,2,1r_astar,risk_astar,1,max-weight-drift,6,68.425,181.63333333333333,426.3874,22,0.80489123903377
2,2,1r_astar,risk_astar,1,max-weight-drift,6,68.425,181.63333333333333,426.3874,22,0.80489123903377
2,2,1r_astar,risk_astar,1,max-weight-sw,6,35.51833333333333,184.54666666666668,431.0772833333333,21.333333333333332,0.8036926086690713
2,2,1r_astar,risk_astar,1,pf-classic,6,64.06333333333333,189.53,443.6171166666667,21,0.8057472706738612
2,2,1r_astar,risk_astar,1,pf-classic,6,64.06333333333333,189.53,443.6171166666667,21,0.8057472706738612
2,2,1r_astar,risk_astar,1,pf-classic-sw,6,1.9116666666666666,348.9533333333333,770.5905333333334,11,0.8038328770384479
2,2,1r_astar,risk_astar,1,risk-aware,6,85.99333333333334,181.04333333333335,424.76216666666664,22,0.8049351585014409
2,2,1r_astar,risk_astar,1,round-robin,6,93.66499999999999,181.09166666666667,425.31155,22,0.8047170377483046
2,2,1r_astar,risk_astar,1,round-robin,6,93.66499999999999,181.09166666666667,425.31155,22,0.8047170377483046
2,2,1r_astar,risk_astar,1,round-robin-sw,6,60.17833333333333,404.39,819.5268833333333,10.666666666666666,0.8036904761904762
2,4,1r_astar,risk_astar,1,aoi-normalized,13,52.52,304.8176923076923,694.702623076923,12,0.8041137140815597
2,4,1r_astar,risk_astar,1,aoi-pure,13,170.58769230769232,296.7946153846154,679.8560692307692,12.384615384615385,0.8028661809815951
2,4,1r_astar,risk_astar,1,max-weight-drift,13,65.46692307692308,297.1453846153846,679.6979769230769,12.384615384615385,0.8025551684088269
2,4,1r_astar,risk_astar,1,max-weight-drift,13,65.46692307692308,297.1453846153846,679.6979769230769,12.384615384615385,0.8025551684088269
2,4,1r_astar,risk_astar,1,max-weight-sw,13,30.234615384615385,344.6384615384615,692.3444538461539,11.76923076923077,0.8027548209366391
2,4,1r_astar,risk_astar,1,pf-classic,13,64.55,325.4546153846154,727.7999384615384,12.538461538461538,0.8026521060842434
2,4,1r_astar,risk_astar,1,pf-classic,13,64.55,325.4546153846154,727.7999384615384,12.538461538461538,0.8026521060842434
2,4,1r_astar,risk_astar,1,pf-classic-sw,13,2.903076923076923,598.1361538461539,1156.2757846153847,6,0.8049408622663106
2,4,1r_astar,risk_astar,1,risk-aware,13,178.57615384615386,295.3046153846154,662.6294846153846,12.615384615384615,0.8027689949219124
2,4,1r_astar,risk_astar,1,round-robin,13,151.95153846153846,317.5753846153846,707.1453153846154,12.692307692307692,0.8029859344246556
2,4,1r_astar,risk_astar,1,round-robin,13,151.95153846153846,317.5753846153846,707.1453153846154,12.692307692307692,0.8029859344246556
2,4,1r_astar,risk_astar,1,round-robin-sw,13,3.183846153846154,612.6284615384616,1173.7666846153845,5.538461538461538,0.8021428571428572
2,8,1r_astar,risk_astar,1,aoi-normalized,26,41.995769230769234,517.7980769230769,1101.227026923077,6,0.8021547016185085
2,8,1r_astar,risk_astar,1,aoi-pure,26,340.9780769230769,492.33923076923077,1131.7448923076922,6.615384615384615,0.8036757436865283
2,8,1r_astar,risk_astar,1,max-weight-drift,26,64.88807692307692,497.77153846153846,1066.6027346153846,6.384615384615385,0.8028188475887799
2,8,1r_astar,risk_astar,1,max-weight-drift,26,64.88807692307692,497.77153846153846,1066.6027346153846,6.384615384615385,0.8028188475887799
2,8,1r_astar,risk_astar,1,max-weight-sw,26,22.97230769230769,654.8523076923077,1152.7572,6,0.8025901472828847
2,8,1r_astar,risk_astar,1,pf-classic,26,176.80653846153845,532.4169230769231,1065.5107307692308,6.730769230769231,0.8030227386193437
2,8,1r_astar,risk_astar,1,pf-classic,26,176.80653846153845,532.4169230769231,1065.5107307692308,6.730769230769231,0.8030227386193437
2,8,1r_astar,risk_astar,1,pf-classic-sw,26,5.08576923076923,1021.286923076923,1550.8991807692307,2.8461538461538463,0.8043963899562148
2,8,1r_astar,risk_astar,1,risk-aware,26,333.6646153846154,492.59923076923076,1099.6647807692307,6.653846153846154,0.8031704688342015
2,8,1r_astar,risk_astar,1,round-robin,26,258.6292307692308,578.6557692307692,1181.0894423076923,6.730769230769231,0.8024574669187146
2,8,1r_astar,risk_astar,1,round-robin,26,258.6292307692308,578.6557692307692,1181.0894423076923,6.730769230769231,0.8024574669187146
2,8,1r_astar,risk_astar,1,round-robin-sw,26,5.78923076923077,1027.1023076923077,1556.5119115384616,2.6923076923076925,0.7989861751152074
2,16,1r_astar,risk_astar,1,aoi-normalized,52,40.39211538461539,770.6542307692308,1370.7109596153846,2.730769230769231,0.8054172029772231
2,16,1r_astar,risk_astar,1,aoi-pure,52,585.2090384615385,727.4826923076923,1813.4550365384616,3.1346153846153846,0.8037472766884531
2,16,1r_astar,risk_astar,1,max-weight-drift,52,63.73980769230769,734.8957692307692,1340.0961961538462,3.0576923076923075,0.8047167630057803
2,16,1r_astar,risk_astar,1,max-weight-drift,52,63.73980769230769,734.8957692307692,1340.0961961538462,3.0576923076923075,0.8047167630057803
2,16,1r_astar,risk_astar,1,max-weight-sw,52,14.825961538461538,1216.1126923076922,1697.5551,2.230769230769231,0.8062157221206582
2,16,1r_astar,risk_astar,1,pf-classic,52,399.26365384615383,758.0115384615384,1529.7283403846154,3.480769230769231,0.803801914127667
2,16,1r_astar,risk_astar,1,pf-classic,52,399.26365384615383,758.0115384615384,1529.7283403846154,3.480769230769231,0.803801914127667
2,16,1r_astar,risk_astar,1,pf-classic-sw,52,9.546923076923077,1354.111153846154,1803.8107307692308,1.3076923076923077,0.8041219258746103
2,16,1r_astar,risk_astar,1,risk-aware,52,517.2273076923077,735.4932692307692,1730.315375,3.0384615384615383,0.8040540540540541
2,16,1r_astar,risk_astar,1,round-robin,52,496.02576923076924,986.3678846153846,1904.3668942307693,3.4615384615384617,0.8035005019422985
2,16,1r_astar,risk_astar,1,round-robin,52,496.02576923076924,986.3678846153846,1904.3668942307693,3.4615384615384617,0.8035005019422985
2,16,1r_astar,risk_astar,1,round-robin-sw,52,11.352307692307692,1351.975576923077,1802.0140307692309,1.3076923076923077,0.8043308791684712
2,32,1r_astar,risk_astar,1,aoi-normalized,104,32.207884615384614,1336.2803846153847,1795.1945865384616,0.75,0.801509074841955
2,32,1r_astar,risk_astar,1,aoi-pure,104,1084.408076923077,1244.0427884615385,4340.2917307692305,1.5384615384615385,0.8038963268108479
2,32,1r_astar,risk_astar,1,max-weight-drift,104,51.48076923076923,1291.4611538461538,1765.8729817307692,1.4038461538461537,0.8038976857490865
2,32,1r_astar,risk_astar,1,max-weight-drift,104,51.48076923076923,1291.4611538461538,1765.8729817307692,1.4038461538461537,0.8038976857490865
2,32,1r_astar,risk_astar,1,max-weight-sw,104,9.785865384615384,1400.991923076923,1838.7141836538462,0.07692307692307693,0.8134228187919463
2,32,1r_astar,risk_astar,1,pf-classic,104,577.5417307692308,1148.4260576923077,2607.474357692308,1.7692307692307692,0.8035081655577637
2,32,1r_astar,risk_astar,1,pf-classic,104,577.5417307692308,1148.4260576923077,2607.474357692308,1.7692307692307692,0.8035081655577637
2,32,1r_astar,risk_astar,1,pf-classic-sw,104,18.52730769230769,1397.2235576923076,1836.0865153846155,0.25,0.8039065165472535
2,32,1r_astar,risk_astar,1,risk-aware,104,775.5795192307693,1256.9470192307692,3345.0797394230767,1.5192307692307692,0.8036733467793846
2,32,1r_astar,risk_astar,1,round-robin,104,811.2782692307692,1334.654423076923,3496.4724461538462,1.75,0.8038431777147279
2,32,1r_astar,risk_astar,1,round-robin,104,811.2782692307692,1334.654423076923,3496.4724461538462,1.75,0.8038431777147279
2,32,1r_astar,risk_astar,1,round-robin-sw,104,21.881057692307692,1398.0660576923076,1837.4068346153847,0.25,0.8043849172496161
2,64,1r_astar,risk_astar,1,aoi-normalized,208,19.54576923076923,1400.4483173076924,1841.5956057692308,0.009615384615384616,0.8089389286932788
2,64,1r_astar,risk_astar,1,aoi-pure,208,1256.263173076923,1347.3723076923077,8240.423234615384,0.28365384615384615,0.8043338615048606
2,64,1r_astar,risk_astar,1,max-weight-drift,208,38.64120192307692,1363.7872115384616,1825.652975,0.20192307692307693,0.8060736858332048
2,64,1r_astar,risk_astar,1,max-weight-drift,208,38.64120192307692,1363.7872115384616,1825.652975,0.20192307692307693,0.8060736858332048
2,64,1r_astar,risk_astar,1,max-weight-sw,208,18.32375,1401,1841.6570504807692,0,0.8202676864244742
2,64,1r_astar,risk_astar,1,pf-classic,208,880.1876923076923,1365.8032692307693,5767.288136057692,0.8990384615384616,0.8041766518315645
2,64,1r_astar,risk_astar,1,pf-classic,208,880.1876923076923,1365.8032692307693,5767.288136057692,0.8990384615384616,0.8041766518315645
2,64,1r_astar,risk_astar,1,pf-classic-sw,208,36.54644230769231,1400.9904807692308,1849.61745625,0.038461538461538464,0.8079278666212998
2,64,1r_astar,risk_astar,1,risk-aware,208,765.7350961538461,1349.4999519230769,5028.689919230769,0.28365384615384615,0.8043096431478387
2,64,1r_astar,risk_astar,1,round-robin,208,1108.6569711538461,1400.6694711538462,7093.934200961538,0.6826923076923077,0.8041333959605449
2,64,1r_astar,risk_astar,1,round-robin,208,1108.6569711538461,1400.6694711538462,7093.934200961538,0.6826923076923077,0.8041333959605449
2,64,1r_astar,risk_astar,1,round-robin-sw,208,42.99716346153846,1400.990625,1856.138091346154,0.04326923076923077,0.8053532102320854
4,2,1r_astar,risk_astar,1,aoi-normalized,6,100.42166666666667,181.23,425.6270333333333,22,0.8050155987520998
4,2,1r_astar,risk_astar,1,aoi-pure,6,100.42166666666667,181.23,425.6270333333333,22,0.8050155987520998
4,2,1r_astar,risk_astar,1,max-weight-drift,6,95.60333333333334,181.25,425.6857,22,0.80484586781816
4,2,1r_astar,risk_astar,1,max-weight-drift,6,95.60333333333334,181.25,425.6857,22,0.80484586781816
4,2,1r_astar,risk_astar,1,max-weight-sw,6,51.965,182.76333333333332,427.8956,21.833333333333332,0.8053065180518536
4,2,1r_astar,risk_astar,1,pf-classic,6,100.42166666666667,181.23,425.6270333333333,22,0.8050155987520998
4,2,1r_astar,risk_astar,1,pf-classic,6,100.42166666666667,181.23,425.6270333333333,22,0.8050155987520998
4,2,1r_astar,risk_astar,1,pf-classic-sw,6,1.9049999999999998,349.12833333333333,769.7050666666667,11,0.8014251781472684
4,2,1r_astar,risk_astar,1,risk-aware,6,100.42166666666667,181.23,425.6270333333333,22,0.8050155987520998
4,2,1r_astar,risk_astar,1,round-robin,6,100.42166666666667,181.23,425.6270333333333,22,0.8050155987520998
4,2,1r_astar,risk_astar,1,round-robin,6,100.42166666666667,181.23,425.6270333333333,22,0.8050155987520998
4,2,1r_astar,risk_astar,1,round-robin-sw,6,1.2416666666666667,1401,1838.7146333333333,0,0
4,4,1r_astar,risk_astar,1,aoi-normalized,13,67.76,185.09615384615384,429.1983153846154,21.23076923076923,0.8035530968404243
4,4,1r_astar,risk_astar,1,aoi-pure,13,83.1376923076923,181.79,426.61704615384616,21.923076923076923,0.8031696774908567
4,4,1r_astar,risk_astar,1,max-weight-drift,13,68.85307692307693,181.9723076923077,426.98331538461537,21.76923076923077,0.8030269431200798
4,4,1r_astar,risk_astar,1,max-weight-drift,13,68.85307692307693,181.9723076923077,426.98331538461537,21.76923076923077,0.8030269431200798
4,4,1r_astar,risk_astar,1,max-weight-sw,13,50.26692307692308,183.88538461538462,429.40126153846154,21.46153846153846,0.8033815337872053
4,4,1r_astar,risk_astar,1,pf-classic,13,65.76307692307692,189.26846153846154,442.95493076923077,20.923076923076923,0.8040511296419194
4,4,1r_astar,risk_astar,1,pf-classic,13,65.76307692307692,189.26846153846154,442.95493076923077,20.923076923076923,0.8040511296419194
4,4,1r_astar,risk_astar,1,pf-classic-sw,13,1.9123076923076923,349.47615384615386,770.6388615384616,10.923076923076923,0.8028463102368262
4,4,1r_astar,risk_astar,1,risk-aware,13,86.50846153846155,181.90769230769232,427.3461384615385,21.923076923076923,0.8033636262883741
4,4,1r_astar,risk_astar,1,round-robin,13,99.55230769230769,181.70307692307694,426.5845615384615,22,0.803678262796366
4,4,1r_astar,risk_astar,1,round-robin,13,99.55230769230769,181.70307692307694,426.5845615384615,22,0.803678262796366
4,4,1r_astar,risk_astar,1,round-robin-sw,13,62.05461538461539,767.3561538461538,1302.601423076923,5.076923076923077,0.798901098901099
4,8,1r_astar,risk_astar,1,aoi-normalized,26,37.636538461538464,342.2515384615385,777.2244346153847,10.538461538461538,0.8042883211678832
4,8,1r_astar,risk_astar,1,aoi-pure,26,166.32576923076923,294.5019230769231,681.844076923077,12.615384615384615,0.8034665452017357
4,8,1r_astar,risk_astar,1,max-weight-drift,26,58.39961538461539,300.7303846153846,681.1676576923077,12.461538461538462,0.8032085561497326
4,8,1r_astar,risk_astar,1,max-weight-drift,26,58.39961538461539,300.7303846153846,681.1676576923077,12.461538461538462,0.8032085561497326
4,8,1r_astar,risk_astar,1,max-weight-sw,26,48.85346153846154,501.89807692307693,823.6465230769231,12.115384615384615,0.8027270943692368
4,8,1r_astar,risk_astar,1,pf-classic,26,65.15653846153846,326.47423076923076,729.5797807692308,12.5,0.8031921364443687
4,8,1r_astar,risk_astar,1,pf-classic,26,65.15653846153846,326.47423076923076,729.5797807692308,12.5,0.8031921364443687
4,8,1r_astar,risk_astar,1,pf-classic-sw,26,2.8853846153846154,597.468076923077,1156.3495115384615,5.923076923076923,0.8045445884146342
4,8,1r_astar,risk_astar,1,risk-aware,26,173.58038461538462,296.98923076923074,675.8999230769231,12.653846153846153,0.8031628129867018
4,8,1r_astar,risk_astar,1,round-robin,26,153.52923076923076,317.16,716.1283807692307,12.576923076923077,0.8029957512182242
4,8,1r_astar,risk_astar,1,round-robin,26,153.52923076923076,317.16,716.1283807692307,12.576923076923077,0.8029957512182242
4,8,1r_astar,risk_astar,1,round-robin-sw,26,5.691923076923077,1096.7342307692309,1605.2143884615384,2.4615384615384617,0.8026017542130679
4,16,1r_astar,risk_astar,1,aoi-normalized,52,27.128653846153846,536.6780769230769,1120.3115442307692,5.269230769230769,0.8017780049988639
4,16,1r_astar,risk_astar,1,aoi-pure,52,330.4228846153846,484.48615384615385,1207.3138403846153,6.711538461538462,0.8018001840587192
4,16,1r_astar,risk_astar,1,max-weight-drift,52,56.13115384615384,502.9098076923077,1068.3191961538462,6.423076923076923,0.8021484874555305
4,16,1r_astar,risk_astar,1,max-weight-drift,52,56.13115384615384,502.9098076923077,1068.3191961538462,6.423076923076923,0.8021484874555305
4,16,1r_astar,risk_astar,1,max-weight-sw,52,29.05173076923077,935.1684615384615,1382.6212057692308,6.038461538461538,0.8011768727414786
4,16,1r_astar,risk_astar,1,pf-classic,52,164.95961538461538,524.0053846153846,1079.5660653846153,6.711538461538462,0.8020587701795755
4,16,1r_astar,risk_astar,1,pf-classic,52,164.95961538461538,524.0053846153846,1079.5660653846153,6.711538461538462,0.8020587701795755
4,16,1r_astar,risk_astar,1,pf-classic-sw,52,5.05,1023.0548076923077,1552.857573076923,2.7884615384615383,0.7993497238553359
4,16,1r_astar,risk_astar,1,risk-aware,52,328.03134615384613,499.46346153846156,1197.7352615384616,6.480769230769231,0.8020070944277311
4,16,1r_astar,risk_astar,1,round-robin,52,282.5659615384615,578.9201923076923,1266.9451653846154,6.6923076923076925,0.8019623728508417
4,16,1r_astar,risk_astar,1,round-robin,52,282.5659615384615,578.9201923076923,1266.9451653846154,6.6923076923076925,0.8019623728508417
4,16,1r_astar,risk_astar,1,round-robin-sw,52,4.200961538461539,1367.8073076923076,1813.349476923077,1.2307692307692308,0.8028974808526345
4,32,1r_astar,risk_astar,1,aoi-normalized,104,27.577596153846155,816.2803846153846,1407.6319182692307,2.5288461538461537,0.8013519924098672
4,32,1r_astar,risk_astar,1,aoi-pure,104,568.06,724.4186538461538,2313.1973365384615,3.0961538461538463,0.8010937772354889
4,32,1r_astar,risk_astar,1,max-weight-drift,104,47.67144230769231,744.8575,1352.418891346154,2.951923076923077,0.8013443935926774
4,32,1r_astar,risk_astar,1,max-weight-drift,104,47.67144230769231,744.8575,1352.418891346154,2.951923076923077,0.8013443935926774
4,32,1r_astar,risk_astar,1,max-weight-sw,104,17.00798076923077,1278.6598076923076,1735.3552875,2.4134615384615383,0.8002387703327861
4,32,1r_astar,risk_astar,1,pf-classic,104,394.07307692307694,752.17125,1763.1189384615384,3.4711538461538463,0.8008911716932262
4,32,1r_astar,risk_astar,1,pf-classic,104,394.07307692307694,752.17125,1763.1189384615384,3.4711538461538463,0.8008911716932262
4,32,1r_astar,risk_astar,1,pf-classic-sw,104,9.504423076923077,1354.7411538461538,1804.3485471153847,1.3076923076923077,0.7978700469969388
4,32,1r_astar,risk_astar,1,risk-aware,104,474.02875,731.165576923077,2041.86495,3.019230769230769,0.8011201429598797
4,32,1r_astar,risk_astar,1,round-robin,104,509.4946153846154,984.8835576923077,2367.0415990384618,3.4326923076923075,0.8010299829790949
4,32,1r_astar,risk_astar,1,round-robin,104,509.4946153846154,984.8835576923077,2367.0415990384618,3.4326923076923075,0.8010299829790949
4,32,1r_astar,risk_astar,1,round-robin-sw,104,7.613846153846154,1400.936826923077,1838.6455384615385,0.19230769230769232,0.7998227735932654
4,64,1r_astar,risk_astar,1,aoi-normalized,208,21.60423076923077,1353.5265384615384,1808.9163413461538,0.5,0.797808764940239
4,64,1r_astar,risk_astar,1,aoi-pure,208,1089.4361057692308,1251.1560096153846,7115.067505288462,1.5240384615384615,0.8009614971884792
4,64,1r_astar,risk_astar,1,max-weight-drift,208,48.53221153846154,1289.2192788461539,1777.9097600961538,1.2115384615384615,0.8002155002496649
4,64,1r_astar,risk_astar,1,max-weight-drift,208,48.53221153846154,1289.2192788461539,1777.9097600961538,1.2115384615384615,0.8002155002496649
4,64,1r_astar,risk_astar,1,max-weight-sw,208,9.992644230769232,1398.2871153846154,1837.5309923076923,0.09134615384615384,0.7929782082324455
4,64,1r_astar,risk_astar,1,pf-classic,208,572.2995673076923,1155.626923076923,3596.1922437499998,1.7548076923076923,0.8005837837837838
4,64,1r_astar,risk_astar,1,pf-classic,208,572.2995673076923,1155.626923076923,3596.1922437499998,1.7548076923076923,0.8005837837837838
4,64,1r_astar,risk_astar,1,pf-classic-sw,208,18.471490384615386,1397.6871153846155,1839.2428519230768,0.24519230769230768,0.8014511310285958
4,64,1r_astar,risk_astar,1,risk-aware,208,720.5178365384616,1261.2365865384616,4664.8900125,1.5144230769230769,0.8008287174202413
4,64,1r_astar,risk_astar,1,round-robin,208,818.6700961538462,1337.044423076923,5352.764704807692,1.7403846153846154,0.8007653774213661
4,64,1r_astar,risk_astar,1,round-robin,208,818.6700961538462,1337.044423076923,5352.764704807692,1.7403846153846154,0.8007653774213661
4,64,1r_astar,risk_astar,1,round-robin-sw,208,14.692884615384616,1400.9941826923077,1840.903635576923,0.03365384615384615,0.8002730142479311
8,2,1r_astar,risk_astar,1,aoi-normalized,6,100.42166666666667,181.23,425.6270333333333,22,0.8050155987520998
8,2,1r_astar,risk_astar,1,aoi-pure,6,100.42166666666667,181.23,425.6270333333333,22,0.8050155987520998
8,2,1r_astar,risk_astar,1,max-weight-drift,6,95.60333333333334,181.25,425.6857,22,0.80484586781816
8,2,1r_astar,risk_astar,1,max-weight-drift,6,95.60333333333334,181.25,425.6857,22,0.80484586781816
8,2,1r_astar,risk_astar,1,max-weight-sw,6,44.638333333333335,183.225,429.11698333333334,21.833333333333332,0.8049238978836941
8,2,1r_astar,risk_astar,1,pf-classic,6,100.42166666666667,181.23,425.6270333333333,22,0.8050155987520998
8,2,1r_astar,risk_astar,1,pf-classic,6,100.42166666666667,181.23,425.6270333333333,22,0.8050155987520998
8,2,1r_astar,risk_astar,1,pf-classic-sw,6,1.9049999999999998,349.12833333333333,769.7050666666667,11,0.8014251781472684
8,2,1r_astar,risk_astar,1,risk-aware,6,100.42166666666667,181.23,425.6270333333333,22,0.8050155987520998
8,2,1r_astar,risk_astar,1,round-robin,6,100.42166666666667,181.23,425.6270333333333,22,0.8050155987520998
8,2,1r_astar,risk_astar,1,round-robin,6,100.42166666666667,181.23,425.6270333333333,22,0.8050155987520998
8,2,1r_astar,risk_astar,1,round-robin-sw,6,1.2416666666666667,1401,1838.7146333333333,0,0
8,4,1r_astar,risk_astar,1,aoi-normalized,13,89.66384615384615,181.75846153846155,427.40564615384613,22,0.8030957523398128
8,4,1r_astar,risk_astar,1,aoi-pure,13,89.66384615384615,181.75846153846155,427.40564615384613,22,0.8030957523398128
8,4,1r_astar,risk_astar,1,max-weight-drift,13,102.22538461538461,181.65,427.5891461538462,22,0.8034710881058488
8,4,1r_astar,risk_astar,1,max-weight-drift,13,102.22538461538461,181.65,427.5891461538462,22,0.8034710881058488
8,4,1r_astar,risk_astar,1,max-weight-sw,13,54.43692307692308,182.98076923076923,428.26065384615384,21.692307692307693,0.8031247379747897
8,4,1r_astar,risk_astar,1,pf-classic,13,89.66384615384615,181.75846153846155,427.40564615384613,22,0.8030957523398128
8,4,1r_astar,risk_astar,1,pf-classic,13,89.66384615384615,181.75846153846155,427.40564615384613,22,0.8030957523398128
8,4,1r_astar,risk_astar,1,pf-classic-sw,13,1.9176923076923076,348.2507692307692,768.9556230769231,11,0.8066274013320857
8,4,1r_astar,risk_astar,1,risk-aware,13,89.66384615384615,181.75846153846155,427.40564615384613,22,0.8030957523398128
8,4,1r_astar,risk_astar,1,round-robin,13,89.66384615384615,181.75846153846155,427.40564615384613,22,0.8030957523398128
8,4,1r_astar,risk_astar,1,round-robin,13,89.66384615384615,181.75846153846155,427.40564615384613,22,0.8030957523398128
8,4,1r_astar,risk_astar,1,round-robin-sw,13,1.2438461538461538,1401,1838.7146692307692,0,0
8,8,1r_astar,risk_astar,1,aoi-normalized,26,73.21730769230768,185.78692307692307,431.4506576923077,21.26923076923077,0.7990775275460524
8,8,1r_astar,risk_astar,1,aoi-pure,26,88.01423076923076,182.6380769230769,429.34886923076925,21.76923076923077,0.799961205941033
8,8,1r_astar,risk_astar,1,max-weight-drift,26,69.07153846153847,182.8926923076923,429.0857038461538,21.807692307692307,0.8001664470490325
8,8,1r_astar,risk_astar,1,max-weight-drift,26,69.07153846153847,182.8926923076923,429.0857038461538,21.807692307692307,0.8001664470490325
8,8,1r_astar,risk_astar,1,max-weight-sw,26,51.33038461538462,184.70923076923077,431.2461923076923,21.307692307692307,0.7996763298620884
8,8,1r_astar,risk_astar,1,pf-classic,26,69.93615384615384,189.6419230769231,444.65513846153846,21,0.7999366706007657
8,8,1r_astar,risk_astar,1,pf-classic,26,69.93615384615384,189.6419230769231,444.65513846153846,21,0.7999366706007657
8,8,1r_astar,risk_astar,1,pf-classic-sw,26,1.928076923076923,350.765,773.5033307692307,10.961538461538462,0.8006210838738046
8,8,1r_astar,risk_astar,1,risk-aware,26,88.22384615384615,182.52807692307692,429.1003692307692,21.807692307692307,0.7999473509199734
8,8,1r_astar,risk_astar,1,round-robin,26,91.93884615384616,182.65346153846153,429.9726269230769,21.846153846153847,0.7999279818292615
8,8,1r_astar,risk_astar,1,round-robin,26,91.93884615384616,182.65346153846153,429.9726269230769,21.846153846153847,0.7999279818292615
8,8,1r_astar,risk_astar,1,round-robin-sw,26,4.734230769230769,1223.5561538461538,1703.3519153846155,1.6153846153846154,0.8043271193359641
8,16,1r_astar,risk_astar,1,aoi-normalized,52,35.26538461538462,346.8921153846154,784.081326923077,10.211538461538462,0.7998104818135433
8,16,1r_astar,risk_astar,1,aoi-pure,52,168.1469230769231,295.48115384615386,712.6232096153847,12.557692307692308,0.7995325422509888
8,16,1r_astar,risk_astar,1,max-weight-drift,52,53.97730769230769,302.5644230769231,687.2299846153846,12.115384615384615,0.7994794530591297
8,16,1r_astar,risk_astar,1,max-weight-drift,52,53.97730769230769,302.5644230769231,687.2299846153846,12.115384615384615,0.7994794530591297
8,16,1r_astar,risk_astar,1,max-weight-sw,52,46.175192307692306,511.09096153846156,833.0122173076923,11.865384615384615,0.7995580110497238
8,16,1r_astar,risk_astar,1,pf-classic,52,65.52923076923076,329.0573076923077,736.6749480769231,12.442307692307692,0.7995746749301251
8,16,1r_astar,risk_astar,1,pf-classic,52,65.52923076923076,329.0573076923077,736.6749480769231,12.442307692307692,0.7995746749301251
8,16,1r_astar,risk_astar,1,pf-classic-sw,52,2.8844230769230768,599.5834615384615,1159.472625,5.884615384615385,0.8001810256532406
8,16,1r_astar,risk_astar,1,risk-aware,52,170.51288461538462,299.1501923076923,701.1677826923077,12.596153846153847,0.7993937360715055
8,16,1r_astar,risk_astar,1,round-robin,52,160.68115384615385,318.2203846153846,746.8144346153846,12.461538461538462,0.7996374941482913
8,16,1r_astar,risk_astar,1,round-robin,52,160.68115384615385,318.2203846153846,746.8144346153846,12.461538461538462,0.7996374941482913
8,16,1r_astar,risk_astar,1,round-robin-sw,52,2.1909615384615386,1392.3759615384615,1832.246378846154,1.0961538461538463,0.8002543181095687
8,32,1r_astar,risk_astar,1,aoi-normalized,104,22.017596153846153,565.0152884615385,1154.4574730769232,5.038461538461538,0.8012209537204674
8,32,1r_astar,risk_astar,1,aoi-pure,104,332.15653846153845,492.82894230769233,1424.5916375,6.538461538461538,0.7998989615492562
8,32,1r_astar,risk_astar,1,max-weight-drift,104,41.75028846153846,509.75528846153844,1081.4834625,6.240384615384615,0.7994255738327518
8,32,1r_astar,risk_astar,1,max-weight-drift,104,41.75028846153846,509.75528846153844,1081.4834625,6.240384615384615,0.7994255738327518
8,32,1r_astar,risk_astar,1,max-weight-sw,104,31.69798076923077,974.7091346153846,1419.7122240384615,6.048076923076923,0.7998498025630466
8,32,1r_astar,risk_astar,1,pf-classic,104,165.52211538461538,525.1585576923077,1132.5189365384615,6.701923076923077,0.7999705238813246
8,32,1r_astar,risk_astar,1,pf-classic,104,165.52211538461538,525.1585576923077,1132.5189365384615,6.701923076923077,0.7999705238813246
8,32,1r_astar,risk_astar,1,pf-classic-sw,104,5.060096153846154,1024.4032692307692,1553.6546240384616,2.8076923076923075,0.7995848862900886
8,32,1r_astar,risk_astar,1,risk-aware,104,323.0631730769231,501.8168269230769,1378.271275,6.519230769230769,0.7999056900345803
8,32,1r_astar,risk_astar,1,round-robin,104,304.1232692307692,585.8459615384616,1493.2566759615383,6.6826923076923075,0.7999392323014077
8,32,1r_astar,risk_astar,1,round-robin,104,304.1232692307692,585.8459615384616,1493.2566759615383,6.6826923076923075,0.7999392323014077
8,32,1r_astar,risk_astar,1,round-robin-sw,104,3.613365384615385,1400.9714423076923,1838.6804317307692,0.17307692307692307,0.7983886078321154
8,64,1r_astar,risk_astar,1,aoi-normalized,208,21.30423076923077,909.8174038461539,1480.6995942307692,2.4375,0.8003706356869219
8,64,1r_astar,risk_astar,1,aoi-pure,208,566.3026442307693,726.25,3350.943479326923,3.125,0.8000675557880056
8,64,1r_astar,risk_astar,1,max-weight-drift,208,37.543076923076924,745.017548076923,1359.832360576923,2.860576923076923,0.8001224632610217
8,64,1r_astar,risk_astar,1,max-weight-drift,208,37.543076923076924,745.017548076923,1359.832360576923,2.860576923076923,0.8001224632610217
8,64,1r_astar,risk_astar,1,max-weight-sw,208,18.275576923076922,1326.9026923076924,1772.0773024038463,2.3846153846153846,0.8002659266967279
8,64,1r_astar,risk_astar,1,pf-classic,208,392.034375,753.3330769230769,2266.064227403846,3.4711538461538463,0.8000549028220051
8,64,1r_astar,risk_astar,1,pf-classic,208,392.034375,753.3330769230769,2266.064227403846,3.4711538461538463,0.8000549028220051
8,64,1r_astar,risk_astar,1,pf-classic-sw,208,9.53625,1354.7769711538463,1805.0256865384615,1.3173076923076923,0.8004028764512217
8,64,1r_astar,risk_astar,1,risk-aware,208,458.29528846153846,737.6695192307692,2673.6407062499998,3.144230769230769,0.8000915411608291
8,64,1r_astar,risk_astar,1,round-robin,208,537.7313461538462,993.7982692307693,3454.151089423077,3.423076923076923,0.8000240119623231
8,64,1r_astar,risk_astar,1,round-robin,208,537.7313461538462,993.7982692307693,3454.151089423077,3.423076923076923,0.8000240119623231
8,64,1r_astar,risk_astar,1,round-robin-sw,208,6.722451923076923,1400.5365865384615,1838.707585576923,0.02403846153846154,0.7972526517127456
16,2,1r_astar,risk_astar,1,aoi-normalized,6,100.42166666666667,181.23,425.6270333333333,22,0.8050155987520998
16,2,1r_astar,risk_astar,1,aoi-pure,6,100.42166666666667,181.23,425.6270333333333,22,0.8050155987520998
16,2,1r_astar,risk_astar,1,max-weight-drift,6,95.60333333333334,181.25,425.6857,22,0.80484586781816
16,2,1r_astar,risk_astar,1,max-weight-drift,6,95.60333333333334,181.25,425.6857,22,0.80484586781816
16,2,1r_astar,risk_astar,1,max-weight-sw,6,39.13166666666667,184.45666666666665,431.877,21.5,0.8046460581671849
16,2,1r_astar,risk_astar,1,pf-classic,6,100.42166666666667,181.23,425.6270333333333,22,0.8050155987520998
16,2,1r_astar,risk_astar,1,pf-classic,6,100.42166666666667,181.23,425.6270333333333,22,0.8050155987520998
16,2,1r_astar,risk_astar,1,pf-classic-sw,6,1.9049999999999998,349.12833333333333,769.7050666666667,11,0.8014251781472684
16,2,1r_astar,risk_astar,1,risk-aware,6,100.42166666666667,181.23,425.6270333333333,22,0.8050155987520998
16,2,1r_astar,risk_astar,1,round-robin,6,100.42166666666667,181.23,425.6270333333333,22,0.8050155987520998
16,2,1r_astar,risk_astar,1,round-robin,6,100.42166666666667,181.23,425.6270333333333,22,0.8050155987520998
16,2,1r_astar,risk_astar,1,round-robin-sw,6,1.2416666666666667,1401,1838.7146333333333,0,0
16,4,1r_astar,risk_astar,1,aoi-normalized,13,89.66384615384615,181.75846153846155,427.40564615384613,22,0.8030957523398128
16,4,1r_astar,risk_astar,1,aoi-pure,13,89.66384615384615,181.75846153846155,427.40564615384613,22,0.8030957523398128
16,4,1r_astar,risk_astar,1,max-weight-drift,13,102.22538461538461,181.65,427.5891461538462,22,0.8034710881058488
16,4,1r_astar,risk_astar,1,max-weight-drift,13,102.22538461538461,181.65,427.5891461538462,22,0.8034710881058488
16,4,1r_astar,risk_astar,1,max-weight-sw,13,65.65307692307692,182.49307692307693,427.67858461538464,21.76923076923077,0.803430703684108
16,4,1r_astar,risk_astar,1,pf-classic,13,89.66384615384615,181.75846153846155,427.40564615384613,22,0.8030957523398128
16,4,1r_astar,risk_astar,1,pf-classic,13,89.66384615384615,181.75846153846155,427.40564615384613,22,0.8030957523398128
16,4,1r_astar,risk_astar,1,pf-classic-sw,13,1.9176923076923076,348.2507692307692,768.9556230769231,11,0.8066274013320857
16,4,1r_astar,risk_astar,1,risk-aware,13,89.66384615384615,181.75846153846155,427.40564615384613,22,0.8030957523398128
16,4,1r_astar,risk_astar,1,round-robin,13,89.66384615384615,181.75846153846155,427.40564615384613,22,0.8030957523398128
16,4,1r_astar,risk_astar,1,round-robin,13,89.66384615384615,181.75846153846155,427.40564615384613,22,0.8030957523398128
16,4,1r_astar,risk_astar,1,round-robin-sw,13,1.2438461538461538,1401,1838.7146692307692,0,0
16,8,1r_astar,risk_astar,1,aoi-normalized,26,102.83923076923077,182.42576923076922,431.15904615384613,21.884615384615383,0.8002381249048193
16,8,1r_astar,risk_astar,1,aoi-pure,26,102.83923076923077,182.42576923076922,431.15904615384613,21.884615384615383,0.8002381249048193
16,8,1r_astar,risk_astar,1,max-weight-drift,26,98.33153846153846,182.42307692307693,430.53027692307694,21.884615384615383,0.8001162517126368
16,8,1r_astar,risk_astar,1,max-weight-drift,26,98.33153846153846,182.42307692307693,430.53027692307694,21.884615384615383,0.8001162517126368
16,8,1r_astar,risk_astar,1,max-weight-sw,26,79.26307692307692,183.46653846153848,429.93511153846157,21.615384615384617,0.7997517641480489
16,8,1r_astar,risk_astar,1,pf-classic,26,102.83923076923077,182.42576923076922,431.15904615384613,21.884615384615383,0.8002381249048193
16,8,1r_astar,risk_astar,1,pf-classic,26,102.83923076923077,182.42576923076922,431.15904615384613,21.884615384615383,0.8002381249048193
16,8,1r_astar,risk_astar,1,pf-classic-sw,26,1.9234615384615383,351.15346153846156,773.8888846153847,10.923076923076923,0.7981563280199732
16,8,1r_astar,risk_astar,1,risk-aware,26,102.83923076923077,182.42576923076922,431.15904615384613,21.884615384615383,0.8002381249048193
16,8,1r_astar,risk_astar,1,round-robin,26,102.83923076923077,182.42576923076922,431.15904615384613,21.884615384615383,0.8002381249048193
16,8,1r_astar,risk_astar,1,round-robin,26,102.83923076923077,182.42576923076922,431.15904615384613,21.884615384615383,0.8002381249048193
16,8,1r_astar,risk_astar,1,round-robin-sw,26,1.2507692307692309,1401,1838.714703846154,0,0
16,16,1r_astar,risk_astar,1,aoi-normalized,52,76.80403846153847,185.31884615384615,434.7163903846154,21.28846153846154,0.8006912442396313
16,16,1r_astar,risk_astar,1,aoi-pure,52,89.09173076923076,182.515,435.3747730769231,21.96153846153846,0.8005016560191793
16,16,1r_astar,risk_astar,1,max-weight-drift,52,71.40903846153846,182.61673076923077,431.3781134615385,21.807692307692307,0.8003868847457862
16,16,1r_astar,risk_astar,1,max-weight-drift,52,71.40903846153846,182.61673076923077,431.3781134615385,21.807692307692307,0.8003868847457862
16,16,1r_astar,risk_astar,1,max-weight-sw,52,58.450384615384614,184.35961538461538,432.6779230769231,21.326923076923077,0.8005331120238565
16,16,1r_astar,risk_astar,1,pf-classic,52,69.18442307692308,189.34634615384616,446.35577307692307,21,0.8008559919436052
16,16,1r_astar,risk_astar,1,pf-classic,52,69.18442307692308,189.34634615384616,446.35577307692307,21,0.8008559919436052
16,16,1r_astar,risk_astar,1,pf-classic-sw,52,1.9201923076923075,350.9603846153846,773.5062942307692,10.942307692307692,0.7985511819666058
16,16,1r_astar,risk_astar,1,risk-aware,52,91.41615384615385,182.5625,435.9029019230769,21.846153846153847,0.8005515406414778
16,16,1r_astar,risk_astar,1,round-robin,52,93.88326923076923,182.37634615384616,437.0333019230769,21.884615384615383,0.8005458046462659
16,16,1r_astar,risk_astar,1,round-robin,52,93.88326923076923,182.37634615384616,437.0333019230769,21.884615384615383,0.8005458046462659
16,16,1r_astar,risk_astar,1,round-robin-sw,52,1.3042307692307693,1400.8509615384617,1838.5184365384616,0.5769230769230769,0.7973745173745174
16,32,1r_astar,risk_astar,1,aoi-normalized,104,35.35971153846154,348.4348076923077,797.2544076923077,10.009615384615385,0.8003936362145317
16,32,1r_astar,risk_astar,1,aoi-pure,104,168.32865384615386,294.83076923076925,767.5414576923077,12.548076923076923,0.8005262873960762
16,32,1r_astar,risk_astar,1,max-weight-drift,104,49.93836538461539,306.3985576923077,701.065375,12.038461538461538,0.8002508700517726
16,32,1r_astar,risk_astar,1,max-weight-drift,104,49.93836538461539,306.3985576923077,701.065375,12.038461538461538,0.8002508700517726
16,32,1r_astar,risk_astar,1,max-weight-sw,104,45.81836538461538,514.5891346153846,839.8161038461539,11.884615384615385,0.8002885471344814
16,32,1r_astar,risk_astar,1,pf-classic,104,66.32451923076923,328.6048076923077,746.1409326923077,12.451923076923077,0.8003644425547423
16,32,1r_astar,risk_astar,1,pf-classic,104,66.32451923076923,328.6048076923077,746.1409326923077,12.451923076923077,0.8003644425547423
16,32,1r_astar,risk_astar,1,pf-classic-sw,104,2.876730769230769,599.4816346153846,1159.2940759615385,5.884615384615385,0.8020551456125502
16,32,1r_astar,risk_astar,1,risk-aware,104,164.76375,297.8471153846154,751.6955528846154,12.576923076923077,0.8003680680026616
16,32,1r_astar,risk_astar,1,round-robin,104,157.11432692307693,317.7382692307692,802.3723788461539,12.509615384615385,0.8002785498598246
16,32,1r_astar,risk_astar,1,round-robin,104,157.11432692307693,317.7382692307692,802.3723788461539,12.509615384615385,0.8002785498598246
16,32,1r_astar,risk_astar,1,round-robin-sw,104,3.5775,1394.9422115384616,1833.0034548076924,0.125,0.8040394088669951
16,64,1r_astar,risk_astar,1,aoi-normalized,208,21.38394230769231,607.5744711538462,1202.0097427884616,4.947115384615385,0.8003810864790823
16,64,1r_astar,risk_astar,1,aoi-pure,208,331.9212019230769,494.24105769230766,1827.3704336538462,6.5576923076923075,0.8003480408667341
16,64,1r_astar,risk_astar,1,max-weight-drift,208,36.66408653846154,515.2685576923077,1095.1521875,6.019230769230769,0.8008637265189517
16,64,1r_astar,risk_astar,1,max-weight-drift,208,36.66408653846154,515.2685576923077,1095.1521875,6.019230769230769,0.8008637265189517
16,64,1r_astar,risk_astar,1,max-weight-sw,208,31.81903846153846,980.71,1430.8532048076922,6.086538461538462,0.8009251410719043
16,64,1r_astar,risk_astar,1,pf-classic,208,160.8096153846154,522.1533173076923,1221.5639850961538,6.701923076923077,0.8003345050459236
16,64,1r_astar,risk_astar,1,pf-classic,208,160.8096153846154,522.1533173076923,1221.5639850961538,6.701923076923077,0.8003345050459236
16,64,1r_astar,risk_astar,1,pf-classic-sw,208,5.047067307692307,1024.3257692307693,1553.5850235576922,2.798076923076923,0.7983448798200085
16,64,1r_astar,risk_astar,1,risk-aware,208,307.21177884615383,499.53658653846156,1678.83290625,6.6201923076923075,0.8003606822625228
16,64,1r_astar,risk_astar,1,round-robin,208,299.16216346153846,583.9991346153846,1838.155248076923,6.663461538461538,0.800348941918055
16,64,1r_astar,risk_astar,1,round-robin,208,299.16216346153846,583.9991346153846,1838.155248076923,6.663461538461538,0.800348941918055
16,64,1r_astar,risk_astar,1,round-robin-sw,208,3.7625,1399.126875,1837.034010096154,0.02403846153846154,0.7945878360275074
32,2,1r_astar,risk_astar,1,aoi-normalized,6,100.42166666666667,181.23,425.6270333333333,22,0.8050155987520998
32,2,1r_astar,risk_astar,1,aoi-pure,6,100.42166666666667,181.23,425.6270333333333,22,0.8050155987520998
32,2,1r_astar,risk_astar,1,max-weight-drift,6,95.60333333333334,181.25,425.6857,22,0.80484586781816
32,2,1r_astar,risk_astar,1,max-weight-drift,6,95.60333333333334,181.25,425.6857,22,0.80484586781816
32,2,1r_astar,risk_astar,1,max-weight-sw,6,33.535,186.60500000000002,437.09028333333333,21,0.8040644882327507
32,2,1r_astar,risk_astar,1,pf-classic,6,100.42166666666667,181.23,425.6270333333333,22,0.8050155987520998
32,2,1r_astar,risk_astar,1,pf-classic,6,100.42166666666667,181.23,425.6270333333333,22,0.8050155987520998
32,2,1r_astar,risk_astar,1,pf-classic-sw,6,1.9049999999999998,349.12833333333333,769.7050666666667,11,0.8014251781472684
32,2,1r_astar,risk_astar,1,risk-aware,6,100.42166666666667,181.23,425.6270333333333,22,0.8050155987520998
32,2,1r_astar,risk_astar,1,round-robin,6,100.42166666666667,181.23,425.6270333333333,22,0.8050155987520998
32,2,1r_astar,risk_astar,1,round-robin,6,100.42166666666667,181.23,425.6270333333333,22,0.8050155987520998
32,2,1r_astar,risk_astar,1,round-robin-sw,6,1.2416666666666667,1401,1838.7146333333333,0,0
32,4,1r_astar,risk_astar,1,aoi-normalized,13,89.66384615384615,181.75846153846155,427.40564615384613,22,0.8030957523398128
32,4,1r_astar,risk_astar,1,aoi-pure,13,89.66384615384615,181.75846153846155,427.40564615384613,22,0.8030957523398128
32,4,1r_astar,risk_astar,1,max-weight-drift,13,102.22538461538461,181.65,427.5891461538462,22,0.8034710881058488
32,4,1r_astar,risk_astar,1,max-weight-drift,13,102.22538461538461,181.65,427.5891461538462,22,0.8034710881058488
32,4,1r_astar,risk_astar,1,max-weight-sw,13,91.02692307692308,181.95923076923077,427.0176230769231,21.76923076923077,0.8031635909532399
32,4,1r_astar,risk_astar,1,pf-classic,13,89.66384615384615,181.75846153846155,427.40564615384613,22,0.8030957523398128
32,4,1r_astar,risk_astar,1,pf-classic,13,89.66384615384615,181.75846153846155,427.40564615384613,22,0.8030957523398128
32,4,1r_astar,risk_astar,1,pf-classic-sw,13,1.9176923076923076,348.2507692307692,768.9556230769231,11,0.8066274013320857
32,4,1r_astar,risk_astar,1,risk-aware,13,89.66384615384615,181.75846153846155,427.40564615384613,22,0.8030957523398128
32,4,1r_astar,risk_astar,1,round-robin,13,89.66384615384615,181.75846153846155,427.40564615384613,22,0.8030957523398128
32,4,1r_astar,risk_astar,1,round-robin,13,89.66384615384615,181.75846153846155,427.40564615384613,22,0.8030957523398128
32,4,1r_astar,risk_astar,1,round-robin-sw,13,1.2438461538461538,1401,1838.7146692307692,0,0
32,8,1r_astar,risk_astar,1,aoi-normalized,26,102.83923076923077,182.42576923076922,431.15904615384613,21.884615384615383,0.8002381249048193
32,8,1r_astar,risk_astar,1,aoi-pure,26,102.83923076923077,182.42576923076922,431.15904615384613,21.884615384615383,0.8002381249048193
32,8,1r_astar,risk_astar,1,max-weight-drift,26,98.33153846153846,182.42307692307693,430.53027692307694,21.884615384615383,0.8001162517126368
32,8,1r_astar,risk_astar,1,max-weight-drift,26,98.33153846153846,182.42307692307693,430.53027692307694,21.884615384615383,0.8001162517126368
32,8,1r_astar,risk_astar,1,max-weight-sw,26,133.99923076923076,182.6203846153846,434.59947307692306,21.76923076923077,0.7997116557613397
32,8,1r_astar,risk_astar,1,pf-classic,26,102.83923076923077,182.42576923076922,431.15904615384613,21.884615384615383,0.8002381249048193
32,8,1r_astar,risk_astar,1,pf-classic,26,102.83923076923077,182.42576923076922,431.15904615384613,21.884615384615383,0.8002381249048193
32,8,1r_astar,risk_astar,1,pf-classic-sw,26,1.9234615384615383,351.15346153846156,773.8888846153847,10.923076923076923,0.7981563280199732
32,8,1r_astar,risk_astar,1,risk-aware,26,102.83923076923077,182.42576923076922,431.15904615384613,21.884615384615383,0.8002381249048193
32,8,1r_astar,risk_astar,1,round-robin,26,102.83923076923077,182.42576923076922,431.15904615384613,21.884615384615383,0.8002381249048193
32,8,1r_astar,risk_astar,1,round-robin,26,102.83923076923077,182.42576923076922,431.15904615384613,21.884615384615383,0.8002381249048193
32,8,1r_astar,risk_astar,1,round-robin-sw,26,1.2507692307692309,1401,1838.714703846154,0,0
32,16,1r_astar,risk_astar,1,aoi-normalized,52,94.33461538461539,182.35057692307691,437.36538461538464,21.903846153846153,0.8005150143290277
32,16,1r_astar,risk_astar,1,aoi-pure,52,94.33461538461539,182.35057692307691,437.36538461538464,21.903846153846153,0.8005150143290277
32,16,1r_astar,risk_astar,1,max-weight-drift,52,95.60826923076922,182.3223076923077,438.3059826923077,21.903846153846153,0.800476078442227
32,16,1r_astar,risk_astar,1,max-weight-drift,52,95.60826923076922,182.3223076923077,438.3059826923077,21.903846153846153,0.800476078442227
32,16,1r_astar,risk_astar,1,max-weight-sw,52,104.86557692307693,182.95903846153846,442.0083423076923,21.653846153846153,0.8004945150618143
32,16,1r_astar,risk_astar,1,pf-classic,52,94.33461538461539,182.35057692307691,437.36538461538464,21.903846153846153,0.8005150143290277
32,16,1r_astar,risk_astar,1,pf-classic,52,94.33461538461539,182.35057692307691,437.36538461538464,21.903846153846153,0.8005150143290277
32,16,1r_astar,risk_astar,1,pf-classic-sw,52,1.9238461538461538,350.4855769230769,772.6061903846154,10.961538461538462,0.8001400502533262
32,16,1r_astar,risk_astar,1,risk-aware,52,94.33461538461539,182.35057692307691,437.36538461538464,21.903846153846153,0.8005150143290277
32,16,1r_astar,risk_astar,1,round-robin,52,94.33461538461539,182.35057692307691,437.36538461538464,21.903846153846153,0.8005150143290277
32,16,1r_astar,risk_astar,1,round-robin,52,94.33461538461539,182.35057692307691,437.36538461538464,21.903846153846153,0.8005150143290277
32,16,1r_astar,risk_astar,1,round-robin-sw,52,1.2498076923076924,1401,1838.7146846153846,0,0
32,32,1r_astar,risk_astar,1,aoi-normalized,104,84.67326923076924,185.27653846153845,453.9378201923077,21.259615384615383,0.8000603939819173
32,32,1r_astar,risk_astar,1,aoi-pure,104,91.73980769230769,182.6980769230769,455.0500269230769,21.817307692307693,0.7998918671629687
32,32,1r_astar,risk_astar,1,max-weight-drift,104,73.5764423076923,182.95682692307693,445.16413365384614,21.798076923076923,0.7997592685092685
32,32,1r_astar,risk_astar,1,max-weight-drift,104,73.5764423076923,182.95682692307693,445.16413365384614,21.798076923076923,0.7997592685092685
32,32,1r_astar,risk_astar,1,max-weight-sw,104,66.52115384615385,184.42125000000001,445.2867673076923,21.278846153846153,0.8001631407405324
32,32,1r_astar,risk_astar,1,pf-classic,104,69.47134615384616,189.47903846153847,458.10529711538464,20.971153846153847,0.7999590183087503
32,32,1r_astar,risk_astar,1,pf-classic,104,69.47134615384616,189.47903846153847,458.10529711538464,20.971153846153847,0.7999590183087503
32,32,1r_astar,risk_astar,1,pf-classic-sw,104,1.9272115384615385,350.3074038461539,772.3808663461539,10.990384615384615,0.8014559803119565
32,32,1r_astar,risk_astar,1,risk-aware,104,95.3439423076923,182.695,457.98419903846155,21.826923076923077,0.7999639449744841
32,32,1r_astar,risk_astar,1,round-robin,104,91.91634615384615,182.68653846153848,456.98336634615384,21.85576923076923,0.7998032396181186
32,32,1r_astar,risk_astar,1,round-robin,104,91.91634615384615,182.68653846153848,456.98336634615384,21.85576923076923,0.7998032396181186
32,32,1r_astar,risk_astar,1,round-robin-sw,104,13.10798076923077,1389.3738461538462,1834.2504836538462,0.19230769230769232,0.7948291167332445
32,64,1r_astar,risk_astar,1,aoi-normalized,208,34.090240384615385,354.5285096153846,818.1596629807692,9.927884615384615,0.7986162589572523
32,64,1r_astar,risk_astar,1,aoi-pure,208,167.35471153846154,294.82447115384616,880.9346225961539,12.576923076923077,0.7997140742028395
32,64,1r_astar,risk_astar,1,max-weight-drift,208,46.90620192307692,323.31245192307694,737.5034995192308,11.850961538461538,0.7996539019761081
32,64,1r_astar,risk_astar,1,max-weight-drift,208,46.90620192307692,323.31245192307694,737.5034995192308,11.850961538461538,0.7996539019761081
32,64,1r_astar,risk_astar,1,max-weight-sw,208,46.739615384615384,515.9415865384616,853.3538615384615,11.903846153846153,0.7997722382351226
32,64,1r_astar,risk_astar,1,pf-classic,208,65.71197115384615,328.7989423076923,766.8971947115384,12.5,0.7998609154074146
32,64,1r_astar,risk_astar,1,pf-classic,208,65.71197115384615,328.7989423076923,766.8971947115384,12.5,0.7998609154074146
32,64,1r_astar,risk_astar,1,pf-classic-sw,208,2.8730288461538462,599.668125,1159.8520817307692,5.908653846153846,0.7995845386474293
32,64,1r_astar,risk_astar,1,risk-aware,208,161.5064423076923,297.4495673076923,852.9190216346154,12.58173076923077,0.7997894698959945
32,64,1r_astar,risk_astar,1,round-robin,208,164.92221153846154,318.68081730769234,937.7556134615385,12.514423076923077,0.7997861855441007
32,64,1r_astar,risk_astar,1,round-robin,208,164.92221153846154,318.68081730769234,937.7556134615385,12.514423076923077,0.7997861855441007
32,64,1r_astar,risk_astar,1,round-robin-sw,208,3.038653846153846,1397.5970192307693,1836.213745673077,0.04326923076923077,0.7991440521350063
1,2,1r_static,static,1,aoi-normalized,6,60.541666666666664,302.485,697.7512333333334,12.333333333333334,0.8046100818612667
1,2,1r_static,static,1,aoi-pure,6,176.52,285.56,665.8374666666666,13,0.8047276464542652
1,2,1r_static,static,1,max-weight-drift,6,104.06333333333333,287.225,666.35005,13,0.80532617671346
1,2,1r_static,static,1,max-weight-drift,6,104.06333333333333,287.225,666.35005,13,0.80532617671346
1,2,1r_static,static,1,max-weight-sw,6,58.585,311.6483333333333,653.8846333333333,12.5,0.8052477524566172
1,2,1r_static,static,1,pf-classic,6,64.18333333333334,323.45166666666665,720.53165,12.666666666666666,0.806070826306914
1,2,1r_static,static,1,pf-classic,6,64.18333333333334,323.45166666666665,720.53165,12.666666666666666,0.806070826306914
1,2,1r_static,static,1,pf-classic-sw,6,2.9333333333333336,593.02,1141.6097666666667,6,0.8051868490912804
1,2,1r_static,static,1,risk-aware,6,186.03,290.50333333333333,665.8701666666667,13,0.8042094455852156
1,2,1r_static,static,1,round-robin,6,148.64666666666668,318.495,710.62565,13,0.8045669615305493
1,2,1r_static,static,1,round-robin,6,148.64666666666668,318.495,710.62565,13,0.8045669615305493
1,2,1r_static,static,1,round-robin-sw,6,3.22,593.1533333333333,1141.8473999999999,6,0.8053061224489796
1,4,1r_static,static,1,aoi-normalized,13,62.20461538461539,502.18692307692305,1079.0349153846155,6.3076923076923075,0.8056965595036661
1,4,1r_static,static,1,aoi-pure,13,342.7846153846154,498.6176923076923,1100.279653846154,6.461538461538462,0.8051913059098258
1,4,1r_static,static,1,max-weight-drift,13,67.98461538461538,503.77230769230766,1080.988623076923,6.461538461538462,0.8065972542154243
1,4,1r_static,static,1,max-weight-drift,13,67.98461538461538,503.77230769230766,1080.988623076923,6.461538461538462,0.8065972542154243
1,4,1r_static,static,1,max-weight-sw,13,38.34076923076923,556.7561538461539,1062.6085153846154,6.384615384615385,0.8048921976215798
1,4,1r_static,static,1,pf-classic,13,165.24153846153845,540.0453846153846,1070.3446923076924,6.6923076923076925,0.8056289279533655
1,4,1r_static,static,1,pf-classic,13,165.24153846153845,540.0453846153846,1070.3446923076924,6.6923076923076925,0.8056289279533655
1,4,1r_static,static,1,pf-classic-sw,13,5.14,1020.5584615384615,1549.7750230769232,2.769230769230769,0.8145277577505408
1,4,1r_static,static,1,risk-aware,13,330.13384615384615,507.14,1075.343676923077,6.461538461538462,0.8054058908045977
1,4,1r_static,static,1,round-robin,13,258.4807692307692,581.6869230769231,1154.456946153846,6.769230769230769,0.8050405040504051
1,4,1r_static,static,1,round-robin,13,258.4807692307692,581.6869230769231,1154.456946153846,6.769230769230769,0.8050405040504051
1,4,1r_static,static,1,round-robin-sw,13,5.9192307692307695,1026.7784615384614,1554.7605,2.6923076923076925,0.8048214285714286
1,8,1r_static,static,1,aoi-normalized,26,64.27730769230769,730.48,1330.8363961538462,3.076923076923077,0.8053785607196402
1,8,1r_static,static,1,aoi-pure,26,583.1953846153846,714.1892307692308,1525.6323807692308,3.1923076923076925,0.8062069566733502
1,8,1r_static,static,1,max-weight-drift,26,70.81038461538462,722.6480769230769,1325.818653846154,3.1153846153846154,0.8057718735684838
1,8,1r_static,static,1,max-weight-drift,26,70.81038461538462,722.6480769230769,1325.818653846154,3.1153846153846154,0.8057718735684838
1,8,1r_static,static,1,max-weight-sw,26,25.486923076923077,875.6857692307692,1442.7113807692308,2.5384615384615383,0.8046468616344932
1,8,1r_static,static,1,pf-classic,26,397.9019230769231,757.0823076923077,1396.0222846153847,3.5,0.8059439022245669
1,8,1r_static,static,1,pf-classic,26,397.9019230769231,757.0823076923077,1396.0222846153847,3.5,0.8059439022245669
1,8,1r_static,static,1,pf-classic-sw,26,9.571538461538461,1352.8392307692309,1802.8693461538462,1.3076923076923077,0.8156835287939787
1,8,1r_static,static,1,risk-aware,26,558.4153846153846,727.8234615384615,1523.4511692307692,3,0.8058218581139969
1,8,1r_static,static,1,round-robin,26,513.6257692307693,952.4096153846153,1679.693773076923,3.5,0.8061812467260345
1,8,1r_static,static,1,round-robin,26,513.6257692307693,952.4096153846153,1679.693773076923,3.5,0.8061812467260345
1,8,1r_static,static,1,round-robin-sw,26,11.29653846153846,1351.1207692307692,1801.7648038461539,1.3076923076923077,0.8072727272727273
1,16,1r_static,static,1,aoi-normalized,52,63.12615384615385,1296.4809615384615,1766.4712923076922,1.3076923076923077,0.8072593371909521
1,16,1r_static,static,1,aoi-pure,52,1080.428076923077,1239.803846153846,2937.0574076923076,1.5384615384615385,0.8060944206008583
1,16,1r_static,static,1,max-weight-drift,52,79.00961538461539,1268.6515384615384,1748.2349923076922,1.4423076923076923,0.8057757644394111
1,16,1r_static,static,1,max-weight-drift,52,79.00961538461539,1268.6515384615384,1748.2349923076922,1.4423076923076923,0.8057757644394111
1,16,1r_static,static,1,max-weight-sw,52,10.054230769230768,1400.998653846154,1838.7429096153846,0.11538461538461539,0.8165938864628821
1,16,1r_static,static,1,pf-classic,52,581.9578846153846,1147.5725,2079.9996538461537,1.7884615384615385,0.8066164371698277
1,16,1r_static,static,1,pf-classic,52,581.9578846153846,1147.5725,2079.9996538461537,1.7884615384615385,0.8066164371698277
1,16,1r_static,static,1,pf-classic-sw,52,18.520384615384614,1396.7751923076924,1835.6572903846154,0.2692307692307692,0.8052479127619697
1,16,1r_static,static,1,risk-aware,52,902.9330769230769,1258.585576923077,2681.0624634615383,1.5,0.8060085836909872
1,16,1r_static,static,1,round-robin,52,801.8125,1330.5971153846153,2551.3036076923077,1.7692307692307692,0.8061049011177988
1,16,1r_static,static,1,round-robin,52,801.8125,1330.5971153846153,2551.3036076923077,1.7692307692307692,0.8061049011177988
1,16,1r_static,static,1,round-robin-sw,52,21.95,1397.1584615384616,1835.9886115384616,0.25,0.8070624360286591
1,32,1r_static,static,1,aoi-normalized,104,20.934134615384615,1400.75,1838.9098634615384,0,0.8117505995203836
1,32,1r_static,static,1,aoi-pure,104,1256.8404807692307,1347.0628846153845,4886.01205,0.2980769230769231,0.8059241503295951
1,32,1r_static,static,1,max-weight-drift,104,52.521153846153844,1356.0033653846153,1814.904348076923,0.2403846153846154,0.8077063328066124
1,32,1r_static,static,1,max-weight-drift,104,52.521153846153844,1356.0033653846153,1814.904348076923,0.2403846153846154,0.8077063328066124
1,32,1r_static,static,1,max-weight-sw,104,18.304326923076925,1400.75,1838.5560576923076,0,0.831275720164609
1,32,1r_static,static,1,pf-classic,104,851.7140384615385,1366.9657692307692,3587.0246346153845,0.9038461538461539,0.8059266872216513
1,32,1r_static,static,1,pf-classic,104,851.7140384615385,1366.9657692307692,3587.0246346153845,0.9038461538461539,0.8059266872216513
1,32,1r_static,static,1,pf-classic-sw,104,36.58625,1400.7401923076923,1841.5854634615384,0.038461538461538464,0.8030379746835443
1,32,1r_static,static,1,risk-aware,104,840.4546153846154,1344.285673076923,3577.2850509615387,0.2980769230769231,0.805874293543415
1,32,1r_static,static,1,round-robin,104,1102.0225,1400.4183653846153,4320.216666346154,0.6826923076923077,0.8060466307968229
1,32,1r_static,static,1,round-robin,104,1102.0225,1400.4183653846153,4320.216666346154,0.6826923076923077,0.8060466307968229
1,32,1r_static,static,1,round-robin-sw,104,42.71298076923077,1400.739326923077,1844.2329884615385,0.038461538461538464,0.804233700254022
1,64,1r_static,static,1,aoi-normalized,208,36.058846153846154,1400.625,1848.7805533653845,0,0.8045515394912985
1,64,1r_static,static,1,aoi-pure,208,1328.8962980769231,1376.4997596153846,8543.728000480769,0.125,0.8050650357481265
1,64,1r_static,static,1,max-weight-drift,208,38.76677884615385,1396.287403846154,1847.069839903846,0.038461538461538464,0.8056426332288401
1,64,1r_static,static,1,max-weight-drift,208,38.76677884615385,1396.287403846154,1847.069839903846,0.038461538461538464,0.8056426332288401
1,64,1r_static,static,1,max-weight-sw,208,35.72841346153846,1400.625,1848.6827798076922,0,0.8085106382978723
1,64,1r_static,static,1,pf-classic,208,1128.5278365384615,1385.6117788461538,7248.937918269231,0.4519230769230769,0.8060197817189632
1,64,1r_static,static,1,pf-classic,208,1128.5278365384615,1385.6117788461538,7248.937918269231,0.4519230769230769,0.8060197817189632
1,64,1r_static,static,1,pf-classic-sw,208,71.16375,1400.625,1877.3999427884614,0,0.8031297324583544
1,64,1r_static,static,1,risk-aware,208,780.750625,1376.0722115384615,5055.257644711539,0.125,0.8049452916343586
1,64,1r_static,static,1,round-robin,208,1302.173125,1400.546298076923,8357.365870673077,0.16346153846153846,0.8051334878530346
1,64,1r_static,static,1,round-robin,208,1302.173125,1400.546298076923,8357.365870673077,0.16346153846153846,0.8051334878530346
1,64,1r_static,static,1,round-robin-sw,208,84.03403846153846,1400.625,1901.2589995192307,0,0.8073549257759784
2,2,1r_static,static,1,aoi-normalized,6,67.09333333333333,184.92166666666668,428.75978333333336,21.166666666666668,0.8055899851264254
2,2,1r_static,static,1,aoi-pure,6,85.99333333333334,181.04333333333335,425.04761666666667,22,0.8049351585014409
2,2,1r_static,static,1,max-weight-drift,6,68.425,181.63333333333333,426.5946333333333,22,0.80489123903377
2,2,1r_static,static,1,max-weight-drift,6,68.425,181.63333333333333,426.5946333333333,22,0.80489123903377
2,2,1r_static,static,1,max-weight-sw,6,35.51833333333333,184.54666666666668,431.1594166666667,21.333333333333332,0.8036926086690713
2,2,1r_static,static,1,pf-classic,6,64.06333333333333,189.53,443.80396666666667,21,0.8057472706738612
2,2,1r_static,static,1,pf-classic,6,64.06333333333333,189.53,443.80396666666667,21,0.8057472706738612
2,2,1r_static,static,1,pf-classic-sw,6,1.9049999999999998,349.71500000000003,772.0281833333333,11,0.8002375296912114
2,2,1r_static,static,1,risk-aware,6,85.99333333333334,181.04333333333335,425.04761666666667,22,0.8049351585014409
2,2,1r_static,static,1,round-robin,6,93.66499999999999,181.09166666666667,425.7443666666667,22,0.8047170377483046
2,2,1r_static,static,1,round-robin,6,93.66499999999999,181.09166666666667,425.7443666666667,22,0.8047170377483046
2,2,1r_static,static,1,round-robin-sw,6,60.17833333333333,404.39,819.6368333333334,10.666666666666666,0.8036904761904762
2,4,1r_static,static,1,aoi-normalized,13,52.52,304.8176923076923,694.8493153846154,12,0.8041137140815597
2,4,1r_static,static,1,aoi-pure,13,170.58769230769232,296.7946153846154,680.8755846153846,12.384615384615385,0.8028661809815951
2,4,1r_static,static,1,max-weight-drift,13,65.46692307692308,297.1453846153846,679.8992923076923,12.384615384615385,0.8025551684088269
2,4,1r_static,static,1,max-weight-drift,13,65.46692307692308,297.1453846153846,679.8992923076923,12.384615384615385,0.8025551684088269
2,4,1r_static,static,1,max-weight-sw,13,30.234615384615385,344.6384615384615,692.4134,11.76923076923077,0.8027548209366391
2,4,1r_static,static,1,pf-classic,13,65.18769230769232,325.35,727.9680307692307,12.538461538461538,0.8029852202331593
2,4,1r_static,static,1,pf-classic,13,65.18769230769232,325.35,727.9680307692307,12.538461538461538,0.8029852202331593
2,4,1r_static,static,1,pf-classic-sw,13,2.9084615384615384,597.1038461538461,1154.888353846154,5.923076923076923,0.8073429582178029
2,4,1r_static,static,1,risk-aware,13,179.04846153846154,295.2938461538462,663.5338615384616,12.615384615384615,0.8028074546064293
2,4,1r_static,static,1,round-robin,13,151.95153846153846,317.5753846153846,708.0076076923077,12.692307692307692,0.8029859344246556
2,4,1r_static,static,1,round-robin,13,151.95153846153846,317.5753846153846,708.0076076923077,12.692307692307692,0.8029859344246556
2,4,1r_static,static,1,round-robin-sw,13,3.183846153846154,612.6284615384616,1173.7800769230769,5.538461538461538,0.8021428571428572
2,8,1r_static,static,1,aoi-normalized,26,41.995769230769234,517.7980769230769,1101.3303923076924,6,0.8021547016185085
2,8,1r_static,static,1,aoi-pure,26,340.9780769230769,492.33923076923077,1130.9446692307693,6.615384615384615,0.8036757436865283
2,8,1r_static,static,1,max-weight-drift,26,64.88807692307692,497.77153846153846,1066.7906115384615,6.384615384615385,0.8028188475887799
2,8,1r_static,static,1,max-weight-drift,26,64.88807692307692,497.77153846153846,1066.7906115384615,6.384615384615385,0.8028188475887799
2,8,1r_static,static,1,max-weight-sw,26,22.97230769230769,654.8523076923077,1152.8054307692307,6,0.8025901472828847
2,8,1r_static,static,1,pf-classic,26,174.27038461538461,529.3823076923077,1061.8917923076924,6.769230769230769,0.8028245765405749
2,8,1r_static,static,1,pf-classic,26,174.27038461538461,529.3823076923077,1061.8917923076924,6.769230769230769,0.8028245765405749
2,8,1r_static,static,1,pf-classic-sw,26,5.085,1021.9688461538461,1551.487826923077,2.8461538461538463,0.8059086839749329
2,8,1r_static,static,1,risk-aware,26,333.4496153846154,491.7069230769231,1096.4023115384616,6.769230769230769,0.8032337749831574
2,8,1r_static,static,1,round-robin,26,258.6292307692308,578.6557692307692,1181.022726923077,6.730769230769231,0.8024574669187146
2,8,1r_static,static,1,round-robin,26,258.6292307692308,578.6557692307692,1181.022726923077,6.730769230769231,0.8024574669187146
2,8,1r_static,static,1,round-robin-sw,26,5.78923076923077,1027.1023076923077,1556.5274384615384,2.6923076923076925,0.7989861751152074
2,16,1r_static,static,1,aoi-normalized,52,40.39211538461539,770.6542307692308,1370.7892096153846,2.730769230769231,0.8054172029772231
2,16,1r_static,static,1,aoi-pure,52,585.2090384615385,727.4826923076923,1799.111876923077,3.1346153846153846,0.8037472766884531
2,16,1r_static,static,1,max-weight-drift,52,63.73980769230769,734.8957692307692,1340.1980307692309,3.0576923076923075,0.8047167630057803
2,16,1r_static,static,1,max-weight-drift,52,63.73980769230769,734.8957692307692,1340.1980307692309,3.0576923076923075,0.8047167630057803
2,16,1r_static,static,1,max-weight-sw,52,14.825961538461538,1216.1126923076922,1697.5779192307693,2.230769230769231,0.8062157221206582
2,16,1r_static,static,1,pf-classic,52,390.7,751.5415384615385,1502.6466211538461,3.5,0.803442824521342
2,16,1r_static,static,1,pf-classic,52,390.7,751.5415384615385,1502.6466211538461,3.5,0.803442824521342
2,16,1r_static,static,1,pf-classic-sw,52,9.55,1354.1326923076924,1803.8801134615385,1.3076923076923077,0.8056254883236392
2,16,1r_static,static,1,risk-aware,52,517.7275,735.4230769230769,1719.1621961538463,3.0384615384615383,0.8040540540540541
2,16,1r_static,static,1,round-robin,52,496.02576923076924,986.3678846153846,1894.3761903846155,3.4615384615384617,0.8035005019422985
2,16,1r_static,static,1,round-robin,52,496.02576923076924,986.3678846153846,1894.3761903846155,3.4615384615384617,0.8035005019422985
2,16,1r_static,static,1,round-robin-sw,52,11.352307692307692,1351.975576923077,1802.0358307692309,1.3076923076923077,0.8043308791684712
2,32,1r_static,static,1,aoi-normalized,104,30.309134615384615,1336.059326923077,1794.4482048076923,0.6923076923076923,0.8041431261770244
2,32,1r_static,static,1,aoi-pure,104,1084.262596153846,1243.8857692307693,4282.188357692307,1.5384615384615385,0.8039224100935543
2,32,1r_static,static,1,max-weight-drift,104,51.61096153846154,1291.2746153846153,1765.615635576923,1.3942307692307692,0.8041702602607681
2,32,1r_static,static,1,max-weight-drift,104,51.61096153846154,1291.2746153846153,1765.615635576923,1.3942307692307692,0.8041702602607681
2,32,1r_static,static,1,max-weight-sw,104,9.781057692307693,1400.741923076923,1838.404535576923,0.07692307692307693,0.8166292134831461
2,32,1r_static,static,1,pf-classic,104,566.625,1147.309903846154,2517.5183807692306,1.7596153846153846,0.8043722943722944
2,32,1r_static,static,1,pf-classic,104,566.625,1147.309903846154,2517.5183807692306,1.7596153846153846,0.8043722943722944
2,32,1r_static,static,1,pf-classic-sw,104,18.534134615384616,1396.9144230769232,1835.7401740384616,0.25,0.802263251935676
2,32,1r_static,static,1,risk-aware,104,777.4664423076923,1256.5822115384615,3310.3391403846153,1.5192307692307692,0.8041219407471017
2,32,1r_static,static,1,round-robin,104,810.1168269230769,1334.411826923077,3445.9334153846153,1.75,0.8037833190025795
2,32,1r_static,static,1,round-robin,104,810.1168269230769,1334.411826923077,3445.9334153846153,1.75,0.8037833190025795
2,32,1r_static,static,1,round-robin-sw,104,21.952596153846155,1397.7611538461538,1837.0807596153845,0.25961538461538464,0.8043160519301865
2,64,1r_static,static,1,aoi-normalized,208,19.534567307692306,1400.0733173076924,1841.1115673076922,0.009615384615384616,0.8082565677243262
2,64,1r_static,static,1,aoi-pure,208,1255.6078846153846,1347.0317307692308,8096.8192240384615,0.28365384615384615,0.8040500042811884
2,64,1r_static,static,1,max-weight-drift,208,37.77903846153846,1363.5217307692308,1824.4296389423077,0.1971153846153846,0.8130782499607966
2,64,1r_static,static,1,max-weight-drift,208,37.77903846153846,1363.5217307692308,1824.4296389423077,0.1971153846153846,0.8130782499607966
2,64,1r_static,static,1,max-weight-sw,208,18.320721153846154,1400.625,1841.1722807692308,0,0.8237547892720306
2,64,1r_static,static,1,pf-classic,208,862.8622115384616,1365.4285576923078,5513.374515384616,0.8990384615384616,0.8041347429696528
2,64,1r_static,static,1,pf-classic,208,862.8622115384616,1365.4285576923078,5513.374515384616,0.8990384615384616,0.8041347429696528
2,64,1r_static,static,1,pf-classic-sw,208,36.51634615384615,1400.6152884615385,1849.0958644230768,0.038461538461538464,0.8042153377348908
2,64,1r_static,static,1,risk-aware,208,763.91,1349.2669230769231,4937.211982692308,0.28365384615384615,0.804335718263999
2,64,1r_static,static,1,round-robin,208,1107.2716346153845,1400.2944711538462,6968.147103846154,0.6826923076923077,0.8039969254419678
2,64,1r_static,static,1,round-robin,208,1107.2716346153845,1400.2944711538462,6968.147103846154,0.6826923076923077,0.8039969254419678
2,64,1r_static,static,1,round-robin-sw,208,42.91490384615385,1400.6150961538463,1855.5913663461538,0.04326923076923077,0.8046064932857385
4,2,1r_static,static,1,aoi-normalized,6,100.42166666666667,181.23,425.96841666666666,22,0.8050155987520998
4,2,1r_static,static,1,aoi-pure,6,100.42166666666667,181.23,425.96841666666666,22,0.8050155987520998
4,2,1r_static,static,1,max-weight-drift,6,95.60333333333334,181.25,426.0122333333333,22,0.80484586781816
4,2,1r_static,static,1,max-weight-drift,6,95.60333333333334,181.25,426.0122333333333,22,0.80484586781816
4,2,1r_static,static,1,max-weight-sw,6,51.965,182.76333333333332,428.0301333333333,21.833333333333332,0.8053065180518536
4,2,1r_static,static,1,pf-classic,6,100.42166666666667,181.23,425.96841666666666,22,0.8050155987520998
4,2,1r_static,static,1,pf-classic,6,100.42166666666667,181.23,425.96841666666666,22,0.8050155987520998
4,2,1r_static,static,1,pf-classic-sw,6,1.9033333333333333,349.0783333333333,769.4365,11,0.8006411778674899
4,2,1r_static,static,1,risk-aware,6,100.42166666666667,181.23,425.96841666666666,22,0.8050155987520998
4,2,1r_static,static,1,round-robin,6,100.42166666666667,181.23,425.96841666666666,22,0.8050155987520998
4,2,1r_static,static,1,round-robin,6,100.42166666666667,181.23,425.96841666666666,22,0.8050155987520998
4,2,1r_static,static,1,round-robin-sw,6,1.2416666666666667,1401,1838.72605,0,0
4,4,1r_static,static,1,aoi-normalized,13,67.76,185.09615384615384,429.4387538461539,21.23076923076923,0.8035530968404243
4,4,1r_static,static,1,aoi-pure,13,83.1376923076923,181.79,426.9391923076923,21.923076923076923,0.8031696774908567
4,4,1r_static,static,1,max-weight-drift,13,68.85307692307693,181.9723076923077,427.2244615384615,21.76923076923077,0.8030269431200798
4,4,1r_static,static,1,max-weight-drift,13,68.85307692307693,181.9723076923077,427.2244615384615,21.76923076923077,0.8030269431200798
4,4,1r_static,static,1,max-weight-sw,13,50.26692307692308,183.88538461538462,429.57503076923075,21.46153846153846,0.8033815337872053
4,4,1r_static,static,1,pf-classic,13,65.76307692307692,189.26846153846154,443.16186923076924,20.923076923076923,0.8040511296419194
4,4,1r_static,static,1,pf-classic,13,65.76307692307692,189.26846153846154,443.16186923076924,20.923076923076923,0.8040511296419194
4,4,1r_static,static,1,pf-classic-sw,13,1.9123076923076923,349.2246153846154,770.2214461538462,10.923076923076923,0.8035184167124794
4,4,1r_static,static,1,risk-aware,13,86.50846153846155,181.90769230769232,427.71165384615387,21.923076923076923,0.8033636262883741
4,4,1r_static,static,1,round-robin,13,99.55230769230769,181.70307692307694,427.1189692307692,22,0.803678262796366
4,4,1r_static,static,1,round-robin,13,99.55230769230769,181.70307692307694,427.1189692307692,22,0.803678262796366
4,4,1r_static,static,1,round-robin-sw,13,62.05461538461539,767.3561538461538,1302.6840846153846,5.076923076923077,0.798901098901099
4,8,1r_static,static,1,aoi-normalized,26,37.636538461538464,342.2515384615385,777.3303346153846,10.538461538461538,0.8042883211678832
4,8,1r_static,static,1,aoi-pure,26,166.32576923076923,294.5019230769231,682.4178307692308,12.615384615384615,0.8034665452017357
4,8,1r_static,static,1,max-weight-drift,26,58.39961538461539,300.7303846153846,681.3269884615385,12.461538461538462,0.8032085561497326
4,8,1r_static,static,1,max-weight-drift,26,58.39961538461539,300.7303846153846,681.3269884615385,12.461538461538462,0.8032085561497326
4,8,1r_static,static,1,max-weight-sw,26,48.85346153846154,501.89807692307693,823.7884576923077,12.115384615384615,0.8027270943692368
4,8,1r_static,static,1,pf-classic,26,64.21576923076923,326.2203846153846,729.5234230769231,12.5,0.8032766931204051
4,8,1r_static,static,1,pf-classic,26,64.21576923076923,326.2203846153846,729.5234230769231,12.5,0.8032766931204051
4,8,1r_static,static,1,pf-classic-sw,26,2.8803846153846155,597.9246153846154,1157.3014807692307,5.923076923076923,0.8029322162985529
4,8,1r_static,static,1,risk-aware,26,173.71076923076922,297.62384615384616,674.4119538461539,12.653846153846153,0.8031918717500179
4,8,1r_static,static,1,round-robin,26,153.52923076923076,317.16,716.3024461538462,12.576923076923077,0.8029957512182242
4,8,1r_static,static,1,round-robin,26,153.52923076923076,317.16,716.3024461538462,12.576923076923077,0.8029957512182242
4,8,1r_static,static,1,round-robin-sw,26,5.691923076923077,1096.7342307692309,1605.2294076923076,2.4615384615384617,0.8026017542130679
4,16,1r_static,static,1,aoi-normalized,52,27.128653846153846,536.6780769230769,1120.3682365384616,5.269230769230769,0.8017780049988639
4,16,1r_static,static,1,aoi-pure,52,330.4228846153846,484.48615384615385,1204.092498076923,6.711538461538462,0.8018001840587192
4,16,1r_static,static,1,max-weight-drift,52,56.13115384615384,502.9098076923077,1068.3998192307693,6.423076923076923,0.8021484874555305
4,16,1r_static,static,1,max-weight-drift,52,56.13115384615384,502.9098076923077,1068.3998192307693,6.423076923076923,0.8021484874555305
4,16,1r_static,static,1,max-weight-sw,52,29.05173076923077,935.1684615384615,1382.680325,6.038461538461538,0.8011768727414786
4,16,1r_static,static,1,pf-classic,52,172.425,524.9088461538462,1082.4063865384614,6.711538461538462,0.8020719985491476
4,16,1r_static,static,1,pf-classic,52,172.425,524.9088461538462,1082.4063865384614,6.711538461538462,0.8020719985491476
4,16,1r_static,static,1,pf-classic-sw,52,5.054807692307692,1022.8,1552.6196346153847,2.769230769230769,0.8024840280570076
4,16,1r_static,static,1,risk-aware,52,328.0453846153846,499.4119230769231,1194.6040634615385,6.519230769230769,0.802079123445148
4,16,1r_static,static,1,round-robin,52,282.5659615384615,578.9201923076923,1264.7473730769232,6.6923076923076925,0.8019623728508417
4,16,1r_static,static,1,round-robin,52,282.5659615384615,578.9201923076923,1264.7473730769232,6.6923076923076925,0.8019623728508417
4,16,1r_static,static,1,round-robin-sw,52,4.200961538461539,1367.8073076923076,1813.3633961538462,1.2307692307692308,0.8028974808526345
4,32,1r_static,static,1,aoi-normalized,104,28.390192307692306,808.4429807692308,1401.9790855769231,2.5673076923076925,0.8002464644093656
4,32,1r_static,static,1,aoi-pure,104,568.2354807692308,724.4673076923077,2284.849067307692,3.0961538461538463,0.8012204424103737
4,32,1r_static,static,1,max-weight-drift,104,46.12586538461539,745.4825,1352.3869913461538,2.951923076923077,0.8009892000382299
4,32,1r_static,static,1,max-weight-drift,104,46.12586538461539,745.4825,1352.3869913461538,2.951923076923077,0.8009892000382299
4,32,1r_static,static,1,max-weight-sw,104,17.018076923076922,1279.926826923077,1736.1557346153845,2.4134615384615383,0.7997197626926631
4,32,1r_static,static,1,pf-classic,104,387.76490384615386,750.5257692307692,1727.7975625,3.4615384615384617,0.8008872880611438
4,32,1r_static,static,1,pf-classic,104,387.76490384615386,750.5257692307692,1727.7975625,3.4615384615384617,0.8008872880611438
4,32,1r_static,static,1,pf-classic-sw,104,9.504807692307692,1354.488653846154,1804.037198076923,1.3076923076923077,0.8014460752478677
4,32,1r_static,static,1,risk-aware,104,474.7058653846154,732.2852884615385,2022.413801923077,3.0576923076923075,0.8010765576307015
4,32,1r_static,static,1,round-robin,104,509.61201923076925,984.9786538461539,2355.340272115385,3.423076923076923,0.8010212988826816
4,32,1r_static,static,1,round-robin,104,509.61201923076925,984.9786538461539,2355.340272115385,3.423076923076923,0.8010212988826816
4,32,1r_static,static,1,round-robin-sw,104,7.626153846153846,1400.5767307692308,1838.253764423077,0.22115384615384615,0.7974850510024621
4,64,1r_static,static,1,aoi-normalized,208,22.460240384615386,1352.5828365384616,1808.58074375,0.5,0.7992291799109981
4,64,1r_static,static,1,aoi-pure,208,1088.2319711538462,1249.54625,6988.611638942308,1.5240384615384615,0.8009529532967034
4,64,1r_static,static,1,max-weight-drift,208,50.15802884615385,1287.2407692307693,1777.138377403846,1.2307692307692308,0.8008792009156175
4,64,1r_static,static,1,max-weight-drift,208,50.15802884615385,1287.2407692307693,1777.138377403846,1.2307692307692308,0.8008792009156175
4,64,1r_static,static,1,max-weight-sw,208,9.988365384615385,1398.0082692307692,1837.1215028846154,0.09134615384615384,0.7911917098445596
4,64,1r_static,static,1,pf-classic,208,569.8671634615384,1147.4639903846155,3461.378576442308,1.7548076923076923,0.8005364017822382
4,64,1r_static,static,1,pf-classic,208,569.8671634615384,1147.4639903846155,3461.378576442308,1.7548076923076923,0.8005364017822382
4,64,1r_static,static,1,pf-classic-sw,208,18.470961538461538,1397.2734615384616,1838.7440798076923,0.24519230769230768,0.8005883857764134
4,64,1r_static,static,1,risk-aware,208,721.7751923076924,1260.3685576923076,4593.676647115384,1.5096153846153846,0.8007728638900816
4,64,1r_static,static,1,round-robin,208,842.0675480769231,1335.2215865384615,5404.444349519231,1.7403846153846154,0.8008900928792569
4,64,1r_static,static,1,round-robin,208,842.0675480769231,1335.2215865384615,5404.444349519231,1.7403846153846154,0.8008900928792569
4,64,1r_static,static,1,round-robin-sw,208,14.750192307692307,1400.6197596153845,1840.447720673077,0.02403846153846154,0.8006510751306434
8,2,1r_static,static,1,aoi-normalized,6,100.42166666666667,181.23,425.96841666666666,22,0.8050155987520998
8,2,1r_static,static,1,aoi-pure,6,100.42166666666667,181.23,425.96841666666666,22,0.8050155987520998
8,2,1r_static,static,1,max-weight-drift,6,95.60333333333334,181.25,426.0122333333333,22,0.80484586781816
8,2,1r_static,static,1,max-weight-drift,6,95.60333333333334,181.25,426.0122333333333,22,0.80484586781816
8,2,1r_static,static,1,max-weight-sw,6,44.638333333333335,183.225,429.22311666666667,21.833333333333332,0.8049238978836941
8,2,1r_static,static,1,pf-classic,6,100.42166666666667,181.23,425.96841666666666,22,0.8050155987520998
8,2,1r_static,static,1,pf-classic,6,100.42166666666667,181.23,425.96841666666666,22,0.8050155987520998
8,2,1r_static,static,1,pf-classic-sw,6,1.9033333333333333,349.0783333333333,769.4365,11,0.8006411778674899
8,2,1r_static,static,1,risk-aware,6,100.42166666666667,181.23,425.96841666666666,22,0.8050155987520998
8,2,1r_static,static,1,round-robin,6,100.42166666666667,181.23,425.96841666666666,22,0.8050155987520998
8,2,1r_static,static,1,round-robin,6,100.42166666666667,181.23,425.96841666666666,22,0.8050155987520998
8,2,1r_static,static,1,round-robin-sw,6,1.2416666666666667,1401,1838.72605,0,0
8,4,1r_static,static,1,aoi-normalized,13,89.66384615384615,181.75846153846155,427.8400923076923,22,0.8030957523398128
8,4,1r_static,static,1,aoi-pure,13,89.66384615384615,181.75846153846155,427.8400923076923,22,0.8030957523398128
8,4,1r_static,static,1,max-weight-drift,13,102.22538461538461,181.65,428.16644615384615,22,0.8034710881058488
8,4,1r_static,static,1,max-weight-drift,13,102.22538461538461,181.65,428.16644615384615,22,0.8034710881058488
8,4,1r_static,static,1,max-weight-sw,13,54.43692307692308,182.98076923076923,428.4426076923077,21.692307692307693,0.8031247379747897
8,4,1r_static,static,1,pf-classic,13,89.66384615384615,181.75846153846155,427.8400923076923,22,0.8030957523398128
8,4,1r_static,static,1,pf-classic,13,89.66384615384615,181.75846153846155,427.8400923076923,22,0.8030957523398128
8,4,1r_static,static,1,pf-classic-sw,13,1.9176923076923076,348.10769230769233,768.5625230769231,11,0.8065261651901172
8,4,1r_static,static,1,risk-aware,13,89.66384615384615,181.75846153846155,427.8400923076923,22,0.8030957523398128
8,4,1r_static,static,1,round-robin,13,89.66384615384615,181.75846153846155,427.8400923076923,22,0.8030957523398128
8,4,1r_static,static,1,round-robin,13,89.66384615384615,181.75846153846155,427.8400923076923,22,0.8030957523398128
8,4,1r_static,static,1,round-robin-sw,13,1.2438461538461538,1401,1838.7259384615386,0,0
8,8,1r_static,static,1,aoi-normalized,26,73.21730769230768,185.78692307692307,431.71878846153845,21.26923076923077,0.7990775275460524
8,8,1r_static,static,1,aoi-pure,26,88.01423076923076,182.6380769230769,429.65977692307695,21.76923076923077,0.799961205941033
8,8,1r_static,static,1,max-weight-drift,26,69.07153846153847,182.8926923076923,429.30616153846154,21.807692307692307,0.8001664470490325
8,8,1r_static,static,1,max-weight-drift,26,69.07153846153847,182.8926923076923,429.30616153846154,21.807692307692307,0.8001664470490325
8,8,1r_static,static,1,max-weight-sw,26,51.33038461538462,184.70923076923077,431.4172,21.307692307692307,0.7996763298620884
8,8,1r_static,static,1,pf-classic,26,66.58692307692307,189.76038461538462,444.6942576923077,20.96153846153846,0.7993841372165305
8,8,1r_static,static,1,pf-classic,26,66.58692307692307,189.76038461538462,444.6942576923077,20.96153846153846,0.7993841372165305
8,8,1r_static,static,1,pf-classic-sw,26,1.9288461538461539,350.485,772.9670192307692,10.961538461538462,0.8013802205053476
8,8,1r_static,static,1,risk-aware,26,88.22384615384615,182.52807692307692,429.43617307692307,21.807692307692307,0.7999473509199734
8,8,1r_static,static,1,round-robin,26,91.93884615384616,182.65346153846153,430.29746923076925,21.846153846153847,0.7999279818292615
8,8,1r_static,static,1,round-robin,26,91.93884615384616,182.65346153846153,430.29746923076925,21.846153846153847,0.7999279818292615
8,8,1r_static,static,1,round-robin-sw,26,4.734230769230769,1223.5561538461538,1703.3624115384616,1.6153846153846154,0.8043271193359641
8,16,1r_static,static,1,aoi-normalized,52,35.26538461538462,346.8921153846154,784.1667115384615,10.211538461538462,0.7998104818135433
8,16,1r_static,static,1,aoi-pure,52,168.1469230769231,295.48115384615386,712.7232384615385,12.557692307692308,0.7995325422509888
8,16,1r_static,static,1,max-weight-drift,52,53.97730769230769,302.5644230769231,687.3343173076923,12.115384615384615,0.7994794530591297
8,16,1r_static,static,1,max-weight-drift,52,53.97730769230769,302.5644230769231,687.3343173076923,12.115384615384615,0.7994794530591297
8,16,1r_static,static,1,max-weight-sw,52,46.175192307692306,511.09096153846156,833.0901557692308,11.865384615384615,0.7995580110497238
8,16,1r_static,static,1,pf-classic,52,65.73576923076924,328.2771153846154,735.7986,12.48076923076923,0.7999319082707133
8,16,1r_static,static,1,pf-classic,52,65.73576923076924,328.2771153846154,735.7986,12.48076923076923,0.7999319082707133
8,16,1r_static,static,1,pf-classic-sw,52,2.8801923076923077,600.2021153846154,1160.488303846154,5.903846153846154,0.7981306633053488
8,16,1r_static,static,1,risk-aware,52,169.95403846153846,299.3107692307692,701.6098980769231,12.538461538461538,0.799525475722571
8,16,1r_static,static,1,round-robin,52,160.68115384615385,318.2203846153846,746.719201923077,12.461538461538462,0.7996374941482913
8,16,1r_static,static,1,round-robin,52,160.68115384615385,318.2203846153846,746.719201923077,12.461538461538462,0.7996374941482913
8,16,1r_static,static,1,round-robin-sw,52,2.1909615384615386,1392.3759615384615,1832.258448076923,1.0961538461538463,0.8002543181095687
8,32,1r_static,static,1,aoi-normalized,104,22.539134615384615,569.8467307692308,1159.904435576923,5.0576923076923075,0.7988974970202622
8,32,1r_static,static,1,aoi-pure,104,331.93115384615385,493.5422115384615,1415.6686807692308,6.509615384615385,0.7998585414047064
8,32,1r_static,static,1,max-weight-drift,104,41.86432692307692,510.20990384615385,1081.9963567307693,6.25,0.7994733908175489
8,32,1r_static,static,1,max-weight-drift,104,41.86432692307692,510.20990384615385,1081.9963567307693,6.25,0.7994733908175489
8,32,1r_static,static,1,max-weight-sw,104,31.703846153846154,974.4247115384616,1419.3522384615385,6.048076923076923,0.7998812926982897
8,32,1r_static,static,1,pf-classic,104,165.1748076923077,523.9324038461539,1130.0334192307691,6.6826923076923075,0.79967131361215
8,32,1r_static,static,1,pf-classic,104,165.1748076923077,523.9324038461539,1130.0334192307691,6.6826923076923075,0.79967131361215
8,32,1r_static,static,1,pf-classic-sw,104,5.060288461538462,1024.590576923077,1553.6127471153845,2.8173076923076925,0.8013949745148887
8,32,1r_static,static,1,risk-aware,104,321.94471153846155,497.1647115384615,1364.3359365384615,6.509615384615385,0.7999169080823733
8,32,1r_static,static,1,round-robin,104,293.8640384615385,585.9672115384616,1457.3018634615385,6.653846153846154,0.7999054618302139
8,32,1r_static,static,1,round-robin,104,293.8640384615385,585.9672115384616,1457.3018634615385,6.653846153846154,0.7999054618302139
8,32,1r_static,static,1,round-robin-sw,104,3.9267307692307694,1398.0706730769232,1836.0423,0.20192307692307693,0.7960072595281307
8,64,1r_static,static,1,aoi-normalized,208,24.448942307692306,874.5760096153846,1456.071279326923,2.4471153846153846,0.8007260250892214
8,64,1r_static,static,1,aoi-pure,208,565.0975961538461,725.8690865384615,3285.680379807692,3.125,0.7999128445364418
8,64,1r_static,static,1,max-weight-drift,208,40.27139423076923,744.9295673076923,1361.5090461538462,2.9038461538461537,0.799928004865878
8,64,1r_static,static,1,max-weight-drift,208,40.27139423076923,744.9295673076923,1361.5090461538462,2.9038461538461537,0.799928004865878
8,64,1r_static,static,1,max-weight-sw,208,18.270865384615384,1326.6654807692307,1771.7929379807692,2.389423076923077,0.799402019268268
8,64,1r_static,static,1,pf-classic,208,396.4368269230769,750.5720192307692,2238.533070673077,3.4663461538461537,0.8002351209114781
8,64,1r_static,static,1,pf-classic,208,396.4368269230769,750.5720192307692,2238.533070673077,3.4663461538461537,0.8002351209114781
8,64,1r_static,static,1,pf-classic-sw,208,9.530625,1354.391298076923,1804.5390278846153,1.3125,0.7994978789715176
8,64,1r_static,static,1,risk-aware,208,456.6627403846154,737.2839903846154,2627.508196634615,3.173076923076923,0.8001264470557458
8,64,1r_static,static,1,round-robin,208,515.3324038461539,995.2635096153846,3248.404233173077,3.4086538461538463,0.7998319382755121
8,64,1r_static,static,1,round-robin,208,515.3324038461539,995.2635096153846,3248.404233173077,3.4086538461538463,0.7998319382755121
8,64,1r_static,static,1,round-robin-sw,208,6.665721153846154,1400.6244711538461,1838.5522216346153,0.009615384615384616,0.7928426976171634
16,2,1r_static,static,1,aoi-normalized,6,100.42166666666667,181.23,425.96841666666666,22,0.8050155987520998
16,2,1r_static,static,1,aoi-pure,6,100.42166666666667,181.23,425.96841666666666,22,0.8050155987520998
16,2,1r_static,static,1,max-weight-drift,6,95.60333333333334,181.25,426.0122333333333,22,0.80484586781816
16,2,1r_static,static,1,max-weight-drift,6,95.60333333333334,181.25,426.0122333333333,22,0.80484586781816
16,2,1r_static,static,1,max-weight-sw,6,39.13166666666667,184.45666666666665,431.98036666666667,21.5,0.8046460581671849
16,2,1r_static,static,1,pf-classic,6,100.42166666666667,181.23,425.96841666666666,22,0.8050155987520998
16,2,1r_static,static,1,pf-classic,6,100.42166666666667,181.23,425.96841666666666,22,0.8050155987520998
16,2,1r_static,static,1,pf-classic-sw,6,1.9033333333333333,349.0783333333333,769.4365,11,0.8006411778674899
16,2,1r_static,static,1,risk-aware,6,100.42166666666667,181.23,425.96841666666666,22,0.8050155987520998
16,2,1r_static,static,1,round-robin,6,100.42166666666667,181.23,425.96841666666666,22,0.8050155987520998
16,2,1r_static,static,1,round-robin,6,100.42166666666667,181.23,425.96841666666666,22,0.8050155987520998
16,2,1r_static,static,1,round-robin-sw,6,1.2416666666666667,1401,1838.72605,0,0
16,4,1r_static,static,1,aoi-normalized,13,89.66384615384615,181.75846153846155,427.8400923076923,22,0.8030957523398128
16,4,1r_static,static,1,aoi-pure,13,89.66384615384615,181.75846153846155,427.8400923076923,22,0.8030957523398128
16,4,1r_static,static,1,max-weight-drift,13,102.22538461538461,181.65,428.16644615384615,22,0.8034710881058488
16,4,1r_static,static,1,max-weight-drift,13,102.22538461538461,181.65,428.16644615384615,22,0.8034710881058488
16,4,1r_static,static,1,max-weight-sw,13,65.65307692307692,182.49307692307693,427.8898923076923,21.76923076923077,0.803430703684108
16,4,1r_static,static,1,pf-classic,13,89.66384615384615,181.75846153846155,427.8400923076923,22,0.8030957523398128
16,4,1r_static,static,1,pf-classic,13,89.66384615384615,181.75846153846155,427.8400923076923,22,0.8030957523398128
16,4,1r_static,static,1,pf-classic-sw,13,1.9176923076923076,348.10769230769233,768.5625230769231,11,0.8065261651901172
16,4,1r_static,static,1,risk-aware,13,89.66384615384615,181.75846153846155,427.8400923076923,22,0.8030957523398128
16,4,1r_static,static,1,round-robin,13,89.66384615384615,181.75846153846155,427.8400923076923,22,0.8030957523398128
16,4,1r_static,static,1,round-robin,13,89.66384615384615,181.75846153846155,427.8400923076923,22,0.8030957523398128
16,4,1r_static,static,1,round-robin-sw,13,1.2438461538461538,1401,1838.7259384615386,0,0
16,8,1r_static,static,1,aoi-normalized,26,102.83923076923077,182.42576923076922,431.5660307692308,21.884615384615383,0.8002381249048193
16,8,1r_static,static,1,aoi-pure,26,102.83923076923077,182.42576923076922,431.5660307692308,21.884615384615383,0.8002381249048193
16,8,1r_static,static,1,max-weight-drift,26,98.33153846153846,182.42307692307693,430.9127230769231,21.884615384615383,0.8001162517126368
16,8,1r_static,static,1,max-weight-drift,26,98.33153846153846,182.42307692307693,430.9127230769231,21.884615384615383,0.8001162517126368
16,8,1r_static,static,1,max-weight-sw,26,79.26307692307692,183.46653846153848,430.2220653846154,21.615384615384617,0.7997517641480489
16,8,1r_static,static,1,pf-classic,26,102.83923076923077,182.42576923076922,431.5660307692308,21.884615384615383,0.8002381249048193
16,8,1r_static,static,1,pf-classic,26,102.83923076923077,182.42576923076922,431.5660307692308,21.884615384615383,0.8002381249048193
16,8,1r_static,static,1,pf-classic-sw,26,1.9257692307692307,351.0369230769231,773.771526923077,10.961538461538462,0.7985731924818219
16,8,1r_static,static,1,risk-aware,26,102.83923076923077,182.42576923076922,431.5660307692308,21.884615384615383,0.8002381249048193
16,8,1r_static,static,1,round-robin,26,102.83923076923077,182.42576923076922,431.5660307692308,21.884615384615383,0.8002381249048193
16,8,1r_static,static,1,round-robin,26,102.83923076923077,182.42576923076922,431.5660307692308,21.884615384615383,0.8002381249048193
16,8,1r_static,static,1,round-robin-sw,26,1.2507692307692309,1401,1838.7259576923077,0,0
16,16,1r_static,static,1,aoi-normalized,52,76.80403846153847,185.31884615384615,434.8485192307692,21.28846153846154,0.8006912442396313
16,16,1r_static,static,1,aoi-pure,52,89.09173076923076,182.515,435.5396480769231,21.96153846153846,0.8005016560191793
16,16,1r_static,static,1,max-weight-drift,52,71.40903846153846,182.61673076923077,431.50307692307695,21.807692307692307,0.8003868847457862
16,16,1r_static,static,1,max-weight-drift,52,71.40903846153846,182.61673076923077,431.50307692307695,21.807692307692307,0.8003868847457862
16,16,1r_static,static,1,max-weight-sw,52,58.450384615384614,184.35961538461538,432.8002307692308,21.326923076923077,0.8005331120238565
16,16,1r_static,static,1,pf-classic,52,69.07961538461538,189.41961538461538,446.6459211538462,21,0.8005105342633206
16,16,1r_static,static,1,pf-classic,52,69.07961538461538,189.41961538461538,446.6459211538462,21,0.8005105342633206
16,16,1r_static,static,1,pf-classic-sw,52,1.921153846153846,350.8521153846154,773.2404538461539,10.923076923076923,0.7991929839008524
16,16,1r_static,static,1,risk-aware,52,91.41615384615385,182.5625,436.0607769230769,21.846153846153847,0.8005515406414778
16,16,1r_static,static,1,round-robin,52,93.88326923076923,182.37634615384616,437.21768076923075,21.884615384615383,0.8005458046462659
16,16,1r_static,static,1,round-robin,52,93.88326923076923,182.37634615384616,437.21768076923075,21.884615384615383,0.8005458046462659
16,16,1r_static,static,1,round-robin-sw,52,1.3042307692307693,1400.8509615384617,1838.529778846154,0.5769230769230769,0.7973745173745174
16,32,1r_static,static,1,aoi-normalized,104,34.66346153846154,349.7280769230769,797.7151153846154,10.038461538461538,0.8003199523791807
16,32,1r_static,static,1,aoi-pure,104,166.6935576923077,294.71259615384616,765.2056086538462,12.5,0.8004279497968138
16,32,1r_static,static,1,max-weight-drift,104,49.839423076923076,305.6243269230769,701.2048307692307,12.009615384615385,0.8003753499676953
16,32,1r_static,static,1,max-weight-drift,104,49.839423076923076,305.6243269230769,701.2048307692307,12.009615384615385,0.8003753499676953
16,32,1r_static,static,1,max-weight-sw,104,45.85346153846154,514.4968269230769,839.7190384615385,11.89423076923077,0.8003266388737099
16,32,1r_static,static,1,pf-classic,104,66.06192307692308,328.71903846153845,746.1661855769231,12.471153846153847,0.800499389432628
16,32,1r_static,static,1,pf-classic,104,66.06192307692308,328.71903846153845,746.1661855769231,12.471153846153847,0.800499389432628
16,32,1r_static,static,1,pf-classic-sw,104,2.874807692307692,599.6116346153846,1159.3305221153846,5.884615384615385,0.7996621179493891
16,32,1r_static,static,1,risk-aware,104,165.50615384615384,298.2728846153846,751.6727298076923,12.625,0.8003836125513232
16,32,1r_static,static,1,round-robin,104,160.7330769230769,317.81778846153844,804.9220625,12.538461538461538,0.8003457839570651
16,32,1r_static,static,1,round-robin,104,160.7330769230769,317.81778846153844,804.9220625,12.538461538461538,0.8003457839570651
16,32,1r_static,static,1,round-robin-sw,104,2.189423076923077,1399.1915384615384,1837.1878990384616,0.0673076923076923,0.797545368719186
16,64,1r_static,static,1,aoi-normalized,208,21.518653846153846,606.5248557692307,1201.456789423077,4.947115384615385,0.8006088280060882
16,64,1r_static,static,1,aoi-pure,208,331.64144230769233,493.72846153846154,1806.8768942307693,6.519230769230769,0.8003166280238257
16,64,1r_static,static,1,max-weight-drift,208,36.74846153846154,514.7636057692308,1094.5370384615385,5.985576923076923,0.8008125397932269
16,64,1r_static,static,1,max-weight-drift,208,36.74846153846154,514.7636057692308,1094.5370384615385,5.985576923076923,0.8008125397932269
16,64,1r_static,static,1,max-weight-sw,208,31.800673076923076,980.0544711538462,1430.1231485576923,6.086538461538462,0.8002577553502387
16,64,1r_static,static,1,pf-classic,208,162.70490384615385,521.685576923077,1223.2504120192307,6.6923076923076925,0.8004105774738144
16,64,1r_static,static,1,pf-classic,208,162.70490384615385,521.685576923077,1223.2504120192307,6.6923076923076925,0.8004105774738144
16,64,1r_static,static,1,pf-classic-sw,208,5.047980769230769,1024.2588461538462,1553.4569567307692,2.798076923076923,0.8000446328944432
16,64,1r_static,static,1,risk-aware,208,309.4414423076923,497.15317307692305,1666.9022163461539,6.572115384615385,0.8004112336447547
16,64,1r_static,static,1,round-robin,208,290.30259615384614,585.2587980769231,1782.7625995192307,6.658653846153846,0.8003242549454509
16,64,1r_static,static,1,round-robin,208,290.30259615384614,585.2587980769231,1782.7625995192307,6.658653846153846,0.8003242549454509
16,64,1r_static,static,1,round-robin-sw,208,3.765625,1398.7061057692308,1836.4837798076924,0.02403846153846154,0.7995712754555199
32,2,1r_static,static,1,aoi-normalized,6,100.42166666666667,181.23,425.96841666666666,22,0.8050155987520998
32,2,1r_static,static,1,aoi-pure,6,100.42166666666667,181.23,425.96841666666666,22,0.8050155987520998
32,2,1r_static,static,1,max-weight-drift,6,95.60333333333334,181.25,426.0122333333333,22,0.80484586781816
32,2,1r_static,static,1,max-weight-drift,6,95.60333333333334,181.25,426.0122333333333,22,0.80484586781816
32,2,1r_static,static,1,max-weight-sw,6,33.535,186.60500000000002,437.1761833333333,21,0.8040644882327507
32,2,1r_static,static,1,pf-classic,6,100.42166666666667,181.23,425.96841666666666,22,0.8050155987520998
32,2,1r_static,static,1,pf-classic,6,100.42166666666667,181.23,425.96841666666666,22,0.8050155987520998
32,2,1r_static,static,1,pf-classic-sw,6,1.9033333333333333,349.0783333333333,769.4365,11,0.8006411778674899
32,2,1r_static,static,1,risk-aware,6,100.42166666666667,181.23,425.96841666666666,22,0.8050155987520998
32,2,1r_static,static,1,round-robin,6,100.42166666666667,181.23,425.96841666666666,22,0.8050155987520998
32,2,1r_static,static,1,round-robin,6,100.42166666666667,181.23,425.96841666666666,22,0.8050155987520998
32,2,1r_static,static,1,round-robin-sw,6,1.2416666666666667,1401,1838.72605,0,0
32,4,1r_static,static,1,aoi-normalized,13,89.66384615384615,181.75846153846155,427.8400923076923,22,0.8030957523398128
32,4,1r_static,static,1,aoi-pure,13,89.66384615384615,181.75846153846155,427.8400923076923,22,0.8030957523398128
32,4,1r_static,static,1,max-weight-drift,13,102.22538461538461,181.65,428.16644615384615,22,0.8034710881058488
32,4,1r_static,static,1,max-weight-drift,13,102.22538461538461,181.65,428.16644615384615,22,0.8034710881058488
32,4,1r_static,static,1,max-weight-sw,13,91.02692307692308,181.95923076923077,427.49809230769233,21.76923076923077,0.8031635909532399
32,4,1r_static,static,1,pf-classic,13,89.66384615384615,181.75846153846155,427.8400923076923,22,0.8030957523398128
32,4,1r_static,static,1,pf-classic,13,89.66384615384615,181.75846153846155,427.8400923076923,22,0.8030957523398128
32,4,1r_static,static,1,pf-classic-sw,13,1.9176923076923076,348.10769230769233,768.5625230769231,11,0.8065261651901172
32,4,1r_static,static,1,risk-aware,13,89.66384615384615,181.75846153846155,427.8400923076923,22,0.8030957523398128
32,4,1r_static,static,1,round-robin,13,89.66384615384615,181.75846153846155,427.8400923076923,22,0.8030957523398128
32,4,1r_static,static,1,round-robin,13,89.66384615384615,181.75846153846155,427.8400923076923,22,0.8030957523398128
32,4,1r_static,static,1,round-robin-sw,13,1.2438461538461538,1401,1838.7259384615386,0,0
32,8,1r_static,static,1,aoi-normalized,26,102.83923076923077,182.42576923076922,431.5660307692308,21.884615384615383,0.8002381249048193
32,8,1r_static,static,1,aoi-pure,26,102.83923076923077,182.42576923076922,431.5660307692308,21.884615384615383,0.8002381249048193
32,8,1r_static,static,1,max-weight-drift,26,98.33153846153846,182.42307692307693,430.9127230769231,21.884615384615383,0.8001162517126368
32,8,1r_static,static,1,max-weight-drift,26,98.33153846153846,182.42307692307693,430.9127230769231,21.884615384615383,0.8001162517126368
32,8,1r_static,static,1,max-weight-sw,26,133.99923076923076,182.6203846153846,435.3824730769231,21.76923076923077,0.7997116557613397
32,8,1r_static,static,1,pf-classic,26,102.83923076923077,182.42576923076922,431.5660307692308,21.884615384615383,0.8002381249048193
32,8,1r_static,static,1,pf-classic,26,102.83923076923077,182.42576923076922,431.5660307692308,21.884615384615383,0.8002381249048193
32,8,1r_static,static,1,pf-classic-sw,26,1.9257692307692307,351.0369230769231,773.771526923077,10.961538461538462,0.7985731924818219
32,8,1r_static,static,1,risk-aware,26,102.83923076923077,182.42576923076922,431.5660307692308,21.884615384615383,0.8002381249048193
32,8,1r_static,static,1,round-robin,26,102.83923076923077,182.42576923076922,431.5660307692308,21.884615384615383,0.8002381249048193
32,8,1r_static,static,1,round-robin,26,102.83923076923077,182.42576923076922,431.5660307692308,21.884615384615383,0.8002381249048193
32,8,1r_static,static,1,round-robin-sw,26,1.2507692307692309,1401,1838.7259576923077,0,0
32,16,1r_static,static,1,aoi-normalized,52,94.33461538461539,182.35057692307691,437.57983653846156,21.903846153846153,0.8005150143290277
32,16,1r_static,static,1,aoi-pure,52,94.33461538461539,182.35057692307691,437.57983653846156,21.903846153846153,0.8005150143290277
32,16,1r_static,static,1,max-weight-drift,52,95.60826923076922,182.3223076923077,438.54912115384616,21.903846153846153,0.800476078442227
32,16,1r_static,static,1,max-weight-drift,52,95.60826923076922,182.3223076923077,438.54912115384616,21.903846153846153,0.800476078442227
32,16,1r_static,static,1,max-weight-sw,52,104.86557692307693,182.95903846153846,442.28206730769233,21.653846153846153,0.8004945150618143
32,16,1r_static,static,1,pf-classic,52,94.33461538461539,182.35057692307691,437.57983653846156,21.903846153846153,0.8005150143290277
32,16,1r_static,static,1,pf-classic,52,94.33461538461539,182.35057692307691,437.57983653846156,21.903846153846153,0.8005150143290277
32,16,1r_static,static,1,pf-classic-sw,52,1.923076923076923,350.3705769230769,772.3982576923077,10.961538461538462,0.8004614243730945
32,16,1r_static,static,1,risk-aware,52,94.33461538461539,182.35057692307691,437.57983653846156,21.903846153846153,0.8005150143290277
32,16,1r_static,static,1,round-robin,52,94.33461538461539,182.35057692307691,437.57983653846156,21.903846153846153,0.8005150143290277
32,16,1r_static,static,1,round-robin,52,94.33461538461539,182.35057692307691,437.57983653846156,21.903846153846153,0.8005150143290277
32,16,1r_static,static,1,round-robin-sw,52,1.2498076923076924,1401,1838.7259557692307,0,0
32,32,1r_static,static,1,aoi-normalized,104,83.49096153846153,185.1380769230769,452.83927884615383,21.259615384615383,0.8000227150117835
32,32,1r_static,static,1,aoi-pure,104,94.83019230769231,182.62865384615384,457.2046048076923,21.846153846153847,0.8000187209435355
32,32,1r_static,static,1,max-weight-drift,104,74.97586538461539,182.86653846153845,445.9381836538462,21.798076923076923,0.7998959417273673
32,32,1r_static,static,1,max-weight-drift,104,74.97586538461539,182.86653846153845,445.9381836538462,21.798076923076923,0.7998959417273673
32,32,1r_static,static,1,max-weight-sw,104,66.31875,184.46057692307693,445.3247048076923,21.28846153846154,0.8001315248086033
32,32,1r_static,static,1,pf-classic,104,70.12336538461538,189.46211538461537,458.46296538461536,20.98076923076923,0.7999237873379133
32,32,1r_static,static,1,pf-classic,104,70.12336538461538,189.46211538461537,458.46296538461536,20.98076923076923,0.7999237873379133
32,32,1r_static,static,1,pf-classic-sw,104,1.9244230769230768,350.83326923076925,773.3865451923077,10.971153846153847,0.7996017304126897
32,32,1r_static,static,1,risk-aware,104,93.13471153846154,182.77894230769232,456.88428653846154,21.865384615384617,0.7999091615122181
32,32,1r_static,static,1,round-robin,104,91.18057692307693,182.65730769230768,456.47415192307693,21.884615384615383,0.7998156675640746
32,32,1r_static,static,1,round-robin,104,91.18057692307693,182.65730769230768,456.47415192307693,21.884615384615383,0.7998156675640746
32,32,1r_static,static,1,round-robin-sw,104,2.120576923076923,1396.6497115384616,1834.7162153846155,0.057692307692307696,0.7993787942962022
32,64,1r_static,static,1,aoi-normalized,208,33.65754807692308,354.08524038461536,816.43550625,9.913461538461538,0.7997152981566698
32,64,1r_static,static,1,aoi-pure,208,167.32009615384615,295.1705769230769,877.6529942307692,12.557692307692308,0.7997391969063358
32,64,1r_static,static,1,max-weight-drift,208,47.449375,323.16153846153844,738.2175610576924,11.850961538461538,0.7999310974133597
32,64,1r_static,static,1,max-weight-drift,208,47.449375,323.16153846153844,738.2175610576924,11.850961538461538,0.7999310974133597
32,64,1r_static,static,1,max-weight-sw,208,46.71216346153846,515.9970192307692,853.2002870192308,11.932692307692308,0.7996261292094996
32,64,1r_static,static,1,pf-classic,208,65.68009615384615,328.09283653846154,765.5805004807693,12.490384615384615,0.7998378220780641
32,64,1r_static,static,1,pf-classic,208,65.68009615384615,328.09283653846154,765.5805004807693,12.490384615384615,0.7998378220780641
32,64,1r_static,static,1,pf-classic-sw,208,2.8727884615384616,599.4510096153846,1159.3488307692307,5.913461538461538,0.8003942447414183
32,64,1r_static,static,1,risk-aware,208,161.65514423076922,297.60735576923076,850.7934649038461,12.552884615384615,0.7997636515239678
32,64,1r_static,static,1,round-robin,208,166.48091346153845,318.4848076923077,939.9942153846154,12.490384615384615,0.7998288159771755
32,64,1r_static,static,1,round-robin,208,166.48091346153845,318.4848076923077,939.9942153846154,12.490384615384615,0.7998288159771755
32,64,1r_static,static,1,round-robin-sw,208,1.9857211538461539,1400.3146153846153,1838.031639423077,0.009615384615384616,0.8065511007125385
1,2,2r_astar,risk_astar,2,aoi-normalized,6,60.541666666666664,302.485,697.58155,12.333333333333334,0.8046100818612667
1,2,2r_astar,risk_astar,2,aoi-pure,6,176.52,285.56,664.9573833333334,13,0.8047276464542652
1,2,2r_astar,risk_astar,2,max-weight-drift,6,104.06333333333333,287.225,665.9754666666666,13,0.80532617671346
1,2,2r_astar,risk_astar,2,max-weight-drift,6,104.06333333333333,287.225,665.9754666666666,13,0.80532617671346
1,2,2r_astar,risk_astar,2,max-weight-sw,6,58.585,311.6483333333333,653.72555,12.5,0.8052477524566172
1,2,2r_astar,risk_astar,2,pf-classic,6,64.17999999999999,323.45166666666665,720.3422833333333,12.666666666666666,0.806070826306914
1,2,2r_astar,risk_astar,2,pf-classic,6,64.17999999999999,323.45166666666665,720.3422833333333,12.666666666666666,0.806070826306914
1,2,2r_astar,risk_astar,2,pf-classic-sw,6,2.9316666666666666,592.915,1141.1593666666668,6,0.8033020790868325
1,2,2r_astar,risk_astar,2,risk-aware,6,186.03,290.50333333333333,665.0116333333333,13,0.8042094455852156
1,2,2r_astar,risk_astar,2,round-robin,6,148.64666666666668,318.495,709.7459333333334,13,0.8045669615305493
1,2,2r_astar,risk_astar,2,round-robin,6,148.64666666666668,318.495,709.7459333333334,13,0.8045669615305493
1,2,2r_astar,risk_astar,2,round-robin-sw,6,3.22,593.1533333333333,1141.8351499999999,6,0.8053061224489796
1,4,2r_astar,risk_astar,2,aoi-normalized,12,62.22416666666667,498.6625,1072.1345666666666,6.416666666666667,0.8044720746014239
1,4,2r_astar,risk_astar,2,aoi-pure,12,340.1958333333333,495.0808333333333,1093.5307416666667,6.583333333333333,0.8046373478969052
1,4,2r_astar,risk_astar,2,max-weight-drift,12,67.88333333333333,500.4708333333333,1074.3365666666666,6.583333333333333,0.8050049067713445
1,4,2r_astar,risk_astar,2,max-weight-drift,12,67.88333333333333,500.4708333333333,1074.3365666666666,6.583333333333333,0.8050049067713445
1,4,2r_astar,risk_astar,2,max-weight-sw,12,38.14333333333333,552.62,1059.4779583333334,6.416666666666667,0.8038346562210081
1,4,2r_astar,risk_astar,2,pf-classic,12,158.9625,536.5583333333334,1062.1954416666667,6.833333333333333,0.8054879828743797
1,4,2r_astar,risk_astar,2,pf-classic,12,158.9625,536.5583333333334,1062.1954416666667,6.833333333333333,0.8054879828743797
1,4,2r_astar,risk_astar,2,pf-classic-sw,12,5.095,1014.0341666666667,1544.219175,2.8333333333333335,0.806334668956306
1,4,2r_astar,risk_astar,2,risk-aware,12,327.2808333333333,500.1375,1065.8154749999999,6.583333333333333,0.8045789826611744
1,4,2r_astar,risk_astar,2,round-robin,12,260.1066666666667,578.5066666666667,1149.7663833333334,6.833333333333333,0.8045127220355257
1,4,2r_astar,risk_astar,2,round-robin,12,260.1066666666667,578.5066666666667,1149.7663833333334,6.833333333333333,0.8045127220355257
1,4,2r_astar,risk_astar,2,round-robin-sw,12,5.859166666666667,1016.2416666666667,1545.95575,2.8333333333333335,0.8060952380952381
1,8,2r_astar,risk_astar,2,aoi-normalized,26,64.27730769230769,730.48,1330.655776923077,3.076923076923077,0.8053785607196402
1,8,2r_astar,risk_astar,2,aoi-pure,26,583.1953846153846,714.1892307692308,1533.4861,3.1923076923076925,0.8062069566733502
1,8,2r_astar,risk_astar,2,max-weight-drift,26,70.81038461538462,722.6480769230769,1325.631523076923,3.1153846153846154,0.8057718735684838
1,8,2r_astar,risk_astar,2,max-weight-drift,26,70.81038461538462,722.6480769230769,1325.631523076923,3.1153846153846154,0.8057718735684838
1,8,2r_astar,risk_astar,2,max-weight-sw,26,25.486923076923077,875.6857692307692,1442.6596,2.5384615384615383,0.8046468616344932
1,8,2r_astar,risk_astar,2,pf-classic,26,397.5973076923077,758.2357692307693,1401.2173346153845,3.5,0.8060147731269786
1,8,2r_astar,risk_astar,2,pf-classic,26,397.5973076923077,758.2357692307693,1401.2173346153845,3.5,0.8060147731269786
1,8,2r_astar,risk_astar,2,pf-classic-sw,26,9.571538461538461,1352.666923076923,1802.7215461538462,1.3076923076923077,0.8099130434782609
1,8,2r_astar,risk_astar,2,risk-aware,26,554.0884615384615,724.8746153846154,1526.9563038461538,3,0.8058920944826985
1,8,2r_astar,risk_astar,2,round-robin,26,513.6257692307693,952.4096153846153,1685.1591,3.5,0.8061812467260345
1,8,2r_astar,risk_astar,2,round-robin,26,513.6257692307693,952.4096153846153,1685.1591,3.5,0.8061812467260345
1,8,2r_astar,risk_astar,2,round-robin-sw,26,11.29653846153846,1351.1207692307692,1801.7437730769232,1.3076923076923077,0.8072727272727273
1,16,2r_astar,risk_astar,2,aoi-normalized,52,63.12615384615385,1296.4809615384615,1766.4176384615384,1.3076923076923077,0.8072593371909521
1,16,2r_astar,risk_astar,2,aoi-pure,52,1080.428076923077,1239.803846153846,2965.6606903846155,1.5384615384615385,0.8060944206008583
1,16,2r_astar,risk_astar,2,max-weight-drift,52,79.00961538461539,1268.6515384615384,1748.1994596153845,1.4423076923076923,0.8057757644394111
1,16,2r_astar,risk_astar,2,max-weight-drift,52,79.00961538461539,1268.6515384615384,1748.1994596153845,1.4423076923076923,0.8057757644394111
1,16,2r_astar,risk_astar,2,max-weight-sw,52,10.054230769230768,1400.998653846154,1838.7247846153846,0.11538461538461539,0.8165938864628821
1,16,2r_astar,risk_astar,2,pf-classic,52,580.7119230769231,1151.5901923076922,2104.4966557692305,1.7884615384615385,0.8062840820566086
1,16,2r_astar,risk_astar,2,pf-classic,52,580.7119230769231,1151.5901923076922,2104.4966557692305,1.7884615384615385,0.8062840820566086
1,16,2r_astar,risk_astar,2,pf-classic-sw,52,18.53519230769231,1396.7625,1835.6194653846153,0.2692307692307692,0.8122638268636208
1,16,2r_astar,risk_astar,2,risk-aware,52,902.0351923076923,1258.6090384615384,2703.0608634615387,1.5,0.8060777749163018
1,16,2r_astar,risk_astar,2,round-robin,52,801.8125,1330.5971153846153,2573.1709557692307,1.7692307692307692,0.8061049011177988
1,16,2r_astar,risk_astar,2,round-robin,52,801.8125,1330.5971153846153,2573.1709557692307,1.7692307692307692,0.8061049011177988
1,16,2r_astar,risk_astar,2,round-robin-sw,52,21.95,1397.1584615384616,1835.9525326923076,0.25,0.8070624360286591
1,32,2r_astar,risk_astar,2,aoi-normalized,104,20.943173076923078,1401,1839.2361423076923,0,0.8119760479041916
1,32,2r_astar,risk_astar,2,aoi-pure,104,1257.0794230769231,1347.286826923077,4954.740282692308,0.2980769230769231,0.8060787671232876
1,32,2r_astar,risk_astar,2,max-weight-drift,104,52.534903846153846,1356.2315384615385,1815.2544653846153,0.2403846153846154,0.8085158150851581
1,32,2r_astar,risk_astar,2,max-weight-drift,104,52.534903846153846,1356.2315384615385,1815.2544653846153,0.2403846153846154,0.8085158150851581
1,32,2r_astar,risk_astar,2,max-weight-sw,104,18.305288461538463,1401,1838.8852384615384,0,0.8278688524590164
1,32,2r_astar,risk_astar,2,pf-classic,104,881.4005769230769,1360.7117307692308,3734.3485173076924,0.8846153846153846,0.8068162356567905
1,32,2r_astar,risk_astar,2,pf-classic,104,881.4005769230769,1360.7117307692308,3734.3485173076924,0.8846153846153846,0.8068162356567905
1,32,2r_astar,risk_astar,2,pf-classic-sw,104,36.58076923076923,1400.9901923076923,1841.8972423076923,0.038461538461538464,0.8095238095238095
1,32,2r_astar,risk_astar,2,risk-aware,104,842.19125,1347.8652884615385,3630.245131730769,0.2980769230769231,0.805959924644631
1,32,2r_astar,risk_astar,2,round-robin,104,1103.0152884615384,1400.6682692307693,4385.170632692308,0.6826923076923077,0.8061485909479078
1,32,2r_astar,risk_astar,2,round-robin,104,1103.0152884615384,1400.6682692307693,4385.170632692308,0.6826923076923077,0.8061485909479078
1,32,2r_astar,risk_astar,2,round-robin-sw,104,42.855192307692306,1400.9890384615385,1844.6048,0.038461538461538464,0.8081287044877222
1,64,2r_astar,risk_astar,2,aoi-normalized,208,36.041682692307695,1401,1849.3235278846155,0,0.7997293640054127
1,64,2r_astar,risk_astar,2,aoi-pure,208,1329.2995192307692,1376.8611057692308,8690.482761538462,0.125,0.8056896551724138
1,64,2r_astar,risk_astar,2,max-weight-drift,208,38.78653846153846,1396.6620673076923,1847.6408471153845,0.038461538461538464,0.80653828929691
1,64,2r_astar,risk_astar,2,max-weight-drift,208,38.78653846153846,1396.6620673076923,1847.6408471153845,0.038461538461538464,0.80653828929691
1,64,2r_astar,risk_astar,2,max-weight-sw,208,35.740625,1401,1849.2446057692307,0,0.7916666666666666
1,64,2r_astar,risk_astar,2,pf-classic,208,1132.1577884615385,1385.2996153846154,7407.636458653846,0.44711538461538464,0.8056076359297767
1,64,2r_astar,risk_astar,2,pf-classic,208,1132.1577884615385,1385.2996153846154,7407.636458653846,0.44711538461538464,0.8056076359297767
1,64,2r_astar,risk_astar,2,pf-classic-sw,208,71.19384615384615,1401,1878.3114927884615,0,0.8025563403969055
1,64,2r_astar,risk_astar,2,risk-aware,208,783.4659615384616,1377.3136538461538,5158.453786538462,0.1201923076923077,0.8056921086675292
1,64,2r_astar,risk_astar,2,round-robin,208,1303.7721153846155,1400.921298076923,8509.25076923077,0.16346153846153846,0.8056485535239076
1,64,2r_astar,risk_astar,2,round-robin,208,1303.7721153846155,1400.921298076923,8509.25076923077,0.16346153846153846,0.8056485535239076
1,64,2r_astar,risk_astar,2,round-robin-sw,208,84.08778846153847,1401,1902.7093557692308,0,0.807659861650076
2,2,2r_astar,risk_astar,2,aoi-normalized,6,67.09333333333333,184.92166666666668,428.5398166666667,21.166666666666668,0.8055899851264254
2,2,2r_astar,risk_astar,2,aoi-pure,6,85.99333333333334,181.04333333333335,424.78405,22,0.8049351585014409
2,2,2r_astar,risk_astar,2,max-weight-drift,6,68.425,181.63333333333333,426.39465,22,0.80489123903377
2,2,2r_astar,risk_astar,2,max-weight-drift,6,68.425,181.63333333333333,426.39465,22,0.80489123903377
2,2,2r_astar,risk_astar,2,max-weight-sw,6,35.51833333333333,184.54666666666668,431.08136666666667,21.333333333333332,0.8036926086690713
2,2,2r_astar,risk_astar,2,pf-classic,6,64.06333333333333,189.53,443.62828333333334,21,0.8057472706738612
2,2,2r_astar,risk_astar,2,pf-classic,6,64.06333333333333,189.53,443.62828333333334,21,0.8057472706738612
2,2,2r_astar,risk_astar,2,pf-classic-sw,6,1.9116666666666666,348.75333333333333,770.3675333333333,11,0.8052412150089339
2,2,2r_astar,risk_astar,2,risk-aware,6,85.99333333333334,181.04333333333335,424.78405,22,0.8049351585014409
2,2,2r_astar,risk_astar,2,round-robin,6,93.66499999999999,181.09166666666667,425.36175000000003,22,0.8047170377483046
2,2,2r_astar,risk_astar,2,round-robin,6,93.66499999999999,181.09166666666667,425.36175000000003,22,0.8047170377483046
2,2,2r_astar,risk_astar,2,round-robin-sw,6,60.17833333333333,404.39,819.5849499999999,10.666666666666666,0.8036904761904762
2,4,2r_astar,risk_astar,2,aoi-normalized,12,55.240833333333335,303.4975,690.4465749999999,12.166666666666666,0.8051550895587593
2,4,2r_astar,risk_astar,2,aoi-pure,12,171.08916666666667,295.36,676.7181166666667,12.583333333333334,0.8038309454115955
2,4,2r_astar,risk_astar,2,max-weight-drift,12,65.0775,296.1558333333333,676.4324833333334,12.416666666666666,0.8032965324210853
2,4,2r_astar,risk_astar,2,max-weight-drift,12,65.0775,296.1558333333333,676.4324833333334,12.416666666666666,0.8032965324210853
2,4,2r_astar,risk_astar,2,max-weight-sw,12,29.916666666666668,340.79083333333335,687.5890916666667,12,0.8038794261458277
2,4,2r_astar,risk_astar,2,pf-classic,12,65.86583333333333,323.11583333333334,722.8401916666667,12.666666666666666,0.8038252508361204
2,4,2r_astar,risk_astar,2,pf-classic,12,65.86583333333333,323.11583333333334,722.8401916666667,12.666666666666666,0.8038252508361204
2,4,2r_astar,risk_astar,2,pf-classic-sw,12,2.890833333333333,593.2816666666666,1149.7125666666666,6.083333333333333,0.8057259713701431
2,4,2r_astar,risk_astar,2,risk-aware,12,177.44083333333333,292.8275,657.8739333333333,12.75,0.8035521790462502
2,4,2r_astar,risk_astar,2,round-robin,12,155.7375,315.2225,702.2392833333333,12.833333333333334,0.8039397212364348
2,4,2r_astar,risk_astar,2,round-robin,12,155.7375,315.2225,702.2392833333333,12.833333333333334,0.8039397212364348
2,4,2r_astar,risk_astar,2,round-robin-sw,12,10.461666666666666,599.9591666666666,1153.425575,6.083333333333333,0.8016326530612244
2,8,2r_astar,risk_astar,2,aoi-normalized,26,41.995769230769234,517.7980769230769,1101.2298192307692,6,0.8021547016185085
2,8,2r_astar,risk_astar,2,aoi-pure,26,340.9780769230769,492.33923076923077,1132.6385153846154,6.615384615384615,0.8036757436865283
2,8,2r_astar,risk_astar,2,max-weight-drift,26,64.88807692307692,497.77153846153846,1066.6116653846154,6.384615384615385,0.8028188475887799
2,8,2r_astar,risk_astar,2,max-weight-drift,26,64.88807692307692,497.77153846153846,1066.6116653846154,6.384615384615385,0.8028188475887799
2,8,2r_astar,risk_astar,2,max-weight-sw,26,22.97230769230769,654.8523076923077,1152.7576999999999,6,0.8025901472828847
2,8,2r_astar,risk_astar,2,pf-classic,26,175.70961538461538,534.2438461538461,1068.2980884615386,6.730769230769231,0.8029862939094127
2,8,2r_astar,risk_astar,2,pf-classic,26,175.70961538461538,534.2438461538461,1068.2980884615386,6.730769230769231,0.8029862939094127
2,8,2r_astar,risk_astar,2,pf-classic-sw,26,5.088846153846154,1021.2376923076923,1550.9210884615384,2.8461538461538463,0.806971950891657
2,8,2r_astar,risk_astar,2,risk-aware,26,333.44884615384615,491.7069230769231,1097.9352923076924,6.769230769230769,0.8032337749831574
2,8,2r_astar,risk_astar,2,round-robin,26,258.6292307692308,578.6557692307692,1181.5962076923076,6.730769230769231,0.8024574669187146
2,8,2r_astar,risk_astar,2,round-robin,26,258.6292307692308,578.6557692307692,1181.5962076923076,6.730769230769231,0.8024574669187146
2,8,2r_astar,risk_astar,2,round-robin-sw,26,5.78923076923077,1027.1023076923077,1556.5127807692309,2.6923076923076925,0.7989861751152074
2,16,2r_astar,risk_astar,2,aoi-normalized,52,40.39211538461539,770.6542307692308,1370.740451923077,2.730769230769231,0.8054172029772231
2,16,2r_astar,risk_astar,2,aoi-pure,52,585.2090384615385,727.4826923076923,1814.2107096153845,3.1346153846153846,0.8037472766884531
2,16,2r_astar,risk_astar,2,max-weight-drift,52,63.73980769230769,734.8957692307692,1340.1433826923078,3.0576923076923075,0.8047167630057803
2,16,2r_astar,risk_astar,2,max-weight-drift,52,63.73980769230769,734.8957692307692,1340.1433826923078,3.0576923076923075,0.8047167630057803
2,16,2r_astar,risk_astar,2,max-weight-sw,52,14.825961538461538,1216.1126923076922,1697.5555615384615,2.230769230769231,0.8062157221206582
2,16,2r_astar,risk_astar,2,pf-classic,52,388.9307692307692,753.6825,1512.6374326923076,3.480769230769231,0.8036890645586298
2,16,2r_astar,risk_astar,2,pf-classic,52,388.9307692307692,753.6825,1512.6374326923076,3.480769230769231,0.8036890645586298
2,16,2r_astar,risk_astar,2,pf-classic-sw,52,9.545384615384615,1354.2251923076924,1803.9033980769232,1.3076923076923077,0.8046475331656985
2,16,2r_astar,risk_astar,2,risk-aware,52,516.810576923077,735.488076923077,1730.3738384615385,3.0384615384615383,0.8040540540540541
2,16,2r_astar,risk_astar,2,round-robin,52,496.02576923076924,986.3678846153846,1905.2123192307693,3.4615384615384617,0.8035005019422985
2,16,2r_astar,risk_astar,2,round-robin,52,496.02576923076924,986.3678846153846,1905.2123192307693,3.4615384615384617,0.8035005019422985
2,16,2r_astar,risk_astar,2,round-robin-sw,52,11.352307692307692,1351.975576923077,1802.0148788461538,1.3076923076923077,0.8043308791684712
2,32,2r_astar,risk_astar,2,aoi-normalized,104,32.207884615384614,1336.2803846153847,1795.2303403846154,0.75,0.801509074841955
2,32,2r_astar,risk_astar,2,aoi-pure,104,1084.408076923077,1244.0427884615385,4339.166186538461,1.5384615384615385,0.8038963268108479
2,32,2r_astar,risk_astar,2,max-weight-drift,104,51.48076923076923,1291.4611538461538,1765.910298076923,1.4038461538461537,0.8038976857490865
2,32,2r_astar,risk_astar,2,max-weight-drift,104,51.48076923076923,1291.4611538461538,1765.910298076923,1.4038461538461537,0.8038976857490865
2,32,2r_astar,risk_astar,2,max-weight-sw,104,9.785865384615384,1400.991923076923,1838.7265403846154,0.07692307692307693,0.8134228187919463
2,32,2r_astar,risk_astar,2,pf-classic,104,570.6833653846154,1154.9101923076923,2580.461633653846,1.7692307692307692,0.8043798147667273
2,32,2r_astar,risk_astar,2,pf-classic,104,570.6833653846154,1154.9101923076923,2580.461633653846,1.7692307692307692,0.8043798147667273
2,32,2r_astar,risk_astar,2,pf-classic-sw,104,18.53125,1397.198076923077,1836.0910528846155,0.25,0.8038730592049138
2,32,2r_astar,risk_astar,2,risk-aware,104,776.251923076923,1256.4186538461538,3347.4880634615383,1.5192307692307692,0.803845823675852
2,32,2r_astar,risk_astar,2,round-robin,104,811.2782692307692,1334.654423076923,3496.9510384615382,1.75,0.8038431777147279
2,32,2r_astar,risk_astar,2,round-robin,104,811.2782692307692,1334.654423076923,3496.9510384615382,1.75,0.8038431777147279
2,32,2r_astar,risk_astar,2,round-robin-sw,104,21.881057692307692,1398.0660576923076,1837.4311432692307,0.25,0.8043849172496161
2,64,2r_astar,risk_astar,2,aoi-normalized,208,19.54576923076923,1400.4483173076924,1841.622728846154,0.009615384615384616,0.8089389286932788
2,64,2r_astar,risk_astar,2,aoi-pure,208,1256.263173076923,1347.3723076923077,8234.960474038462,0.28365384615384615,0.8043338615048606
2,64,2r_astar,risk_astar,2,max-weight-drift,208,38.64120192307692,1363.7872115384616,1825.7017903846154,0.20192307692307693,0.8060736858332048
2,64,2r_astar,risk_astar,2,max-weight-drift,208,38.64120192307692,1363.7872115384616,1825.7017903846154,0.20192307692307693,0.8060736858332048
2,64,2r_astar,risk_astar,2,max-weight-sw,208,18.32375,1401,1841.6852951923076,0,0.8202676864244742
2,64,2r_astar,risk_astar,2,pf-classic,208,884.9278846153846,1364.9572115384615,5782.406504326923,0.8942307692307693,0.8039618363068498
2,64,2r_astar,risk_astar,2,pf-classic,208,884.9278846153846,1364.9572115384615,5782.406504326923,0.8942307692307693,0.8039618363068498
2,64,2r_astar,risk_astar,2,pf-classic-sw,208,36.535528846153845,1400.9904807692308,1849.6688754807692,0.038461538461538464,0.7997978606923272
2,64,2r_astar,risk_astar,2,risk-aware,208,764.6938942307693,1349.6875,5020.348491826923,0.28365384615384615,0.8047233294758047
2,64,2r_astar,risk_astar,2,round-robin,208,1108.6569711538461,1400.6694711538462,7088.38556875,0.6826923076923077,0.8041333959605449
2,64,2r_astar,risk_astar,2,round-robin,208,1108.6569711538461,1400.6694711538462,7088.38556875,0.6826923076923077,0.8041333959605449
2,64,2r_astar,risk_astar,2,round-robin-sw,208,42.99716346153846,1400.990625,1856.2244235576923,0.04326923076923077,0.8053532102320854
4,2,2r_astar,risk_astar,2,aoi-normalized,6,100.42166666666667,181.23,425.66206666666665,22,0.8050155987520998
4,2,2r_astar,risk_astar,2,aoi-pure,6,100.42166666666667,181.23,425.66206666666665,22,0.8050155987520998
4,2,2r_astar,risk_astar,2,max-weight-drift,6,95.60333333333334,181.25,425.7180666666667,22,0.80484586781816
4,2,2r_astar,risk_astar,2,max-weight-drift,6,95.60333333333334,181.25,425.7180666666667,22,0.80484586781816
4,2,2r_astar,risk_astar,2,max-weight-sw,6,51.965,182.76333333333332,427.90035,21.833333333333332,0.8053065180518536
4,2,2r_astar,risk_astar,2,pf-classic,6,100.42166666666667,181.23,425.66206666666665,22,0.8050155987520998
4,2,2r_astar,risk_astar,2,pf-classic,6,100.42166666666667,181.23,425.66206666666665,22,0.8050155987520998
4,2,2r_astar,risk_astar,2,pf-classic-sw,6,1.9049999999999998,349.12833333333333,769.7056666666666,11,0.8014251781472684
4,2,2r_astar,risk_astar,2,risk-aware,6,100.42166666666667,181.23,425.66206666666665,22,0.8050155987520998
4,2,2r_astar,risk_astar,2,round-robin,6,100.42166666666667,181.23,425.66206666666665,22,0.8050155987520998
4,2,2r_astar,risk_astar,2,round-robin,6,100.42166666666667,181.23,425.66206666666665,22,0.8050155987520998
4,2,2r_astar,risk_astar,2,round-robin-sw,6,1.2416666666666667,1401,1838.7153,0,0
4,4,2r_astar,risk_astar,2,aoi-normalized,12,68.60416666666667,185.08166666666668,429.4517916666667,21.25,0.8031551974313853
4,4,2r_astar,risk_astar,2,aoi-pure,12,83.54916666666666,181.87583333333333,426.8442166666667,22,0.8025213867627194
4,4,2r_astar,risk_astar,2,max-weight-drift,12,72.6725,182.05666666666667,427.28341666666665,21.833333333333332,0.8024924924924924
4,4,2r_astar,risk_astar,2,max-weight-drift,12,72.6725,182.05666666666667,427.28341666666665,21.833333333333332,0.8024924924924924
4,4,2r_astar,risk_astar,2,max-weight-sw,12,50.4375,183.98583333333335,429.6890333333333,21.416666666666668,0.8025409786119067
4,4,2r_astar,risk_astar,2,pf-classic,12,66.39333333333333,189.1425,442.7574333333333,21,0.8034041224234854
4,4,2r_astar,risk_astar,2,pf-classic,12,66.39333333333333,189.1425,442.7574333333333,21,0.8034041224234854
4,4,2r_astar,risk_astar,2,pf-classic-sw,12,1.9141666666666666,349.685,770.936,10.916666666666666,0.8011066158971918
4,4,2r_astar,risk_astar,2,risk-aware,12,88.32833333333333,182.01583333333335,427.60530833333337,21.916666666666668,0.8027674390683155
4,4,2r_astar,risk_astar,2,round-robin,12,100.27583333333334,181.79333333333332,427.0067,22,0.8029525609865874
4,4,2r_astar,risk_astar,2,round-robin,12,100.27583333333334,181.79333333333332,427.0067,22,0.8029525609865874
4,4,2r_astar,risk_astar,2,round-robin-sw,12,1.4766666666666666,872.2783333333333,1416.381775,3.6666666666666665,0.7938095238095239
4,8,2r_astar,risk_astar,2,aoi-normalized,26,37.636538461538464,342.2515384615385,777.2262807692308,10.538461538461538,0.8042883211678832
4,8,2r_astar,risk_astar,2,aoi-pure,26,166.32576923076923,294.5019230769231,682.1666653846154,12.615384615384615,0.8034665452017357
4,8,2r_astar,risk_astar,2,max-weight-drift,26,58.39961538461539,300.7303846153846,681.1695461538461,12.461538461538462,0.8032085561497326
4,8,2r_astar,risk_astar,2,max-weight-drift,26,58.39961538461539,300.7303846153846,681.1695461538461,12.461538461538462,0.8032085561497326
4,8,2r_astar,risk_astar,2,max-weight-sw,26,48.85346153846154,501.89807692307693,823.6487884615385,12.115384615384615,0.8027270943692368
4,8,2r_astar,risk_astar,2,pf-classic,26,65.13961538461538,327.2034615384615,731.425423076923,12.538461538461538,0.8036570816391128
4,8,2r_astar,risk_astar,2,pf-classic,26,65.13961538461538,327.2034615384615,731.425423076923,12.538461538461538,0.8036570816391128
4,8,2r_astar,risk_astar,2,pf-classic-sw,26,2.8846153846153846,597.363076923077,1156.481876923077,5.923076923076923,0.806937078973771
4,8,2r_astar,risk_astar,2,risk-aware,26,173.58038461538462,296.98923076923074,676.1937576923077,12.653846153846153,0.8031628129867018
4,8,2r_astar,risk_astar,2,round-robin,26,153.52923076923076,317.16,716.3165038461539,12.576923076923077,0.8029957512182242
4,8,2r_astar,risk_astar,2,round-robin,26,153.52923076923076,317.16,716.3165038461539,12.576923076923077,0.8029957512182242
4,8,2r_astar,risk_astar,2,round-robin-sw,26,5.691923076923077,1096.7342307692309,1605.2059807692308,2.4615384615384617,0.8026017542130679
4,16,2r_astar,risk_astar,2,aoi-normalized,52,27.128653846153846,536.6780769230769,1120.3285326923078,5.269230769230769,0.8017780049988639
4,16,2r_astar,risk_astar,2,aoi-pure,52,330.4228846153846,484.48615384615385,1208.382198076923,6.711538461538462,0.8018001840587192
4,16,2r_astar,risk_astar,2,max-weight-drift,52,56.13115384615384,502.9098076923077,1068.348803846154,6.423076923076923,0.8021484874555305
4,16,2r_astar,risk_astar,2,max-weight-drift,52,56.13115384615384,502.9098076923077,1068.348803846154,6.423076923076923,0.8021484874555305
4,16,2r_astar,risk_astar,2,max-weight-sw,52,29.05173076923077,935.1684615384615,1382.627223076923,6.038461538461538,0.8011768727414786
4,16,2r_astar,risk_astar,2,pf-classic,52,164.79153846153847,525.1740384615384,1080.3295634615386,6.711538461538462,0.8022501474390963
4,16,2r_astar,risk_astar,2,pf-classic,52,164.79153846153847,525.1740384615384,1080.3295634615386,6.711538461538462,0.8022501474390963
4,16,2r_astar,risk_astar,2,pf-classic-sw,52,5.051346153846154,1022.9044230769231,1552.694248076923,2.769230769230769,0.8007936154086228
4,16,2r_astar,risk_astar,2,risk-aware,52,327.1851923076923,498.5371153846154,1196.013,6.519230769230769,0.8019215228517554
4,16,2r_astar,risk_astar,2,round-robin,52,282.5659615384615,578.9201923076923,1267.6821788461539,6.6923076923076925,0.8019623728508417
4,16,2r_astar,risk_astar,2,round-robin,52,282.5659615384615,578.9201923076923,1267.6821788461539,6.6923076923076925,0.8019623728508417
4,16,2r_astar,risk_astar,2,round-robin-sw,52,4.200961538461539,1367.8073076923076,1813.3505596153846,1.2307692307692308,0.8028974808526345
4,32,2r_astar,risk_astar,2,aoi-normalized,104,27.577596153846155,816.2803846153846,1407.6592567307691,2.5288461538461537,0.8013519924098672
4,32,2r_astar,risk_astar,2,aoi-pure,104,568.06,724.4186538461538,2313.759329807692,3.0961538461538463,0.8010937772354889
4,32,2r_astar,risk_astar,2,max-weight-drift,104,47.67144230769231,744.8575,1352.4612413461539,2.951923076923077,0.8013443935926774
4,32,2r_astar,risk_astar,2,max-weight-drift,104,47.67144230769231,744.8575,1352.4612413461539,2.951923076923077,0.8013443935926774
4,32,2r_astar,risk_astar,2,max-weight-sw,104,17.00798076923077,1278.6598076923076,1735.3767846153846,2.4134615384615383,0.8002387703327861
4,32,2r_astar,risk_astar,2,pf-classic,104,385.89826923076924,749.5047115384615,1741.6095471153847,3.480769230769231,0.8010060627361392
4,32,2r_astar,risk_astar,2,pf-classic,104,385.89826923076924,749.5047115384615,1741.6095471153847,3.480769230769231,0.8010060627361392
4,32,2r_astar,risk_astar,2,pf-classic-sw,104,9.506346153846154,1354.5063461538462,1804.1646125,1.3076923076923077,0.8021401958235854
4,32,2r_astar,risk_astar,2,risk-aware,104,474.4028846153846,731.3799038461539,2043.203001923077,3.0576923076923075,0.8010940156038879
4,32,2r_astar,risk_astar,2,round-robin,104,509.4946153846154,984.8835576923077,2368.1147567307694,3.4326923076923075,0.8010299829790949
4,32,2r_astar,risk_astar,2,round-robin,104,509.4946153846154,984.8835576923077,2368.1147567307694,3.4326923076923075,0.8010299829790949
4,32,2r_astar,risk_astar,2,round-robin-sw,104,7.613846153846154,1400.936826923077,1838.6547913461538,0.19230769230769232,0.7998227735932654
4,64,2r_astar,risk_astar,2,aoi-normalized,208,21.60423076923077,1353.5265384615384,1808.949078846154,0.5,0.797808764940239
4,64,2r_astar,risk_astar,2,aoi-pure,208,1089.4361057692308,1251.1560096153846,7110.894498557693,1.5240384615384615,0.8009614971884792
4,64,2r_astar,risk_astar,2,max-weight-drift,208,48.53221153846154,1289.2192788461539,1777.9525903846154,1.2115384615384615,0.8002155002496649
4,64,2r_astar,risk_astar,2,max-weight-drift,208,48.53221153846154,1289.2192788461539,1777.9525903846154,1.2115384615384615,0.8002155002496649
4,64,2r_astar,risk_astar,2,max-weight-sw,208,9.992644230769232,1398.2871153846154,1837.5492451923076,0.09134615384615384,0.7929782082324455
4,64,2r_astar,risk_astar,2,pf-classic,208,575.1124038461538,1155.095625,3597.0477057692306,1.7596153846153846,0.8009216191073708
4,64,2r_astar,risk_astar,2,pf-classic,208,575.1124038461538,1155.095625,3597.0477057692306,1.7596153846153846,0.8009216191073708
4,64,2r_astar,risk_astar,2,pf-classic-sw,208,18.466971153846153,1397.7202403846154,1839.2957802884616,0.25,0.8042044870697037
4,64,2r_astar,risk_astar,2,risk-aware,208,721.9995673076924,1262.1295192307693,4674.3236625,1.5192307692307692,0.8009318904062527
4,64,2r_astar,risk_astar,2,round-robin,208,818.6700961538462,1337.044423076923,5351.409181730769,1.7403846153846154,0.8007653774213661
4,64,2r_astar,risk_astar,2,round-robin,208,818.6700961538462,1337.044423076923,5351.409181730769,1.7403846153846154,0.8007653774213661
4,64,2r_astar,risk_astar,2,round-robin-sw,208,14.692884615384616,1400.9941826923077,1840.9265754807693,0.03365384615384615,0.8002730142479311
8,2,2r_astar,risk_astar,2,aoi-normalized,6,100.42166666666667,181.23,425.66206666666665,22,0.8050155987520998
8,2,2r_astar,risk_astar,2,aoi-pure,6,100.42166666666667,181.23,425.66206666666665,22,0.8050155987520998
8,2,2r_astar,risk_astar,2,max-weight-drift,6,95.60333333333334,181.25,425.7180666666667,22,0.80484586781816
8,2,2r_astar,risk_astar,2,max-weight-drift,6,95.60333333333334,181.25,425.7180666666667,22,0.80484586781816
8,2,2r_astar,risk_astar,2,max-weight-sw,6,44.638333333333335,183.225,429.11975,21.833333333333332,0.8049238978836941
8,2,2r_astar,risk_astar,2,pf-classic,6,100.42166666666667,181.23,425.66206666666665,22,0.8050155987520998
8,2,2r_astar,risk_astar,2,pf-classic,6,100.42166666666667,181.23,425.66206666666665,22,0.8050155987520998
8,2,2r_astar,risk_astar,2,pf-classic-sw,6,1.9049999999999998,349.12833333333333,769.7056666666666,11,0.8014251781472684
8,2,2r_astar,risk_astar,2,risk-aware,6,100.42166666666667,181.23,425.66206666666665,22,0.8050155987520998
8,2,2r_astar,risk_astar,2,round-robin,6,100.42166666666667,181.23,425.66206666666665,22,0.8050155987520998
8,2,2r_astar,risk_astar,2,round-robin,6,100.42166666666667,181.23,425.66206666666665,22,0.8050155987520998
8,2,2r_astar,risk_astar,2,round-robin-sw,6,1.2416666666666667,1401,1838.7153,0,0
8,4,2r_astar,risk_astar,2,aoi-normalized,12,92.71833333333333,181.75083333333333,427.6684333333333,22,0.802615790736741
8,4,2r_astar,risk_astar,2,aoi-pure,12,92.71833333333333,181.75083333333333,427.6684333333333,22,0.802615790736741
8,4,2r_astar,risk_astar,2,max-weight-drift,12,105.215,181.65416666666667,427.91929166666665,22,0.802956699052417
8,4,2r_astar,risk_astar,2,max-weight-drift,12,105.215,181.65416666666667,427.91929166666665,22,0.802956699052417
8,4,2r_astar,risk_astar,2,max-weight-sw,12,54.56166666666667,183.16083333333333,428.65335,21.75,0.8026530983100127
8,4,2r_astar,risk_astar,2,pf-classic,12,92.71833333333333,181.75083333333333,427.6684333333333,22,0.802615790736741
8,4,2r_astar,risk_astar,2,pf-classic,12,92.71833333333333,181.75083333333333,427.6684333333333,22,0.802615790736741
8,4,2r_astar,risk_astar,2,pf-classic-sw,12,1.9166666666666665,348.26,768.8153166666667,11,0.8051499076116111
8,4,2r_astar,risk_astar,2,risk-aware,12,92.71833333333333,181.75083333333333,427.6684333333333,22,0.802615790736741
8,4,2r_astar,risk_astar,2,round-robin,12,92.71833333333333,181.75083333333333,427.6684333333333,22,0.802615790736741
8,4,2r_astar,risk_astar,2,round-robin,12,92.71833333333333,181.75083333333333,427.6684333333333,22,0.802615790736741
8,4,2r_astar,risk_astar,2,round-robin-sw,12,1.2425,1401,1838.7152916666666,0,0
8,8,2r_astar,risk_astar,2,aoi-normalized,26,73.21730769230768,185.78692307692307,431.4740884615385,21.26923076923077,0.7990775275460524
8,8,2r_astar,risk_astar,2,aoi-pure,26,88.01423076923076,182.6380769230769,429.4049346153846,21.76923076923077,0.799961205941033
8,8,2r_astar,risk_astar,2,max-weight-drift,26,69.07153846153847,182.8926923076923,429.1018076923077,21.807692307692307,0.8001664470490325
8,8,2r_astar,risk_astar,2,max-weight-drift,26,69.07153846153847,182.8926923076923,429.1018076923077,21.807692307692307,0.8001664470490325
8,8,2r_astar,risk_astar,2,max-weight-sw,26,51.33038461538462,184.70923076923077,431.2494884615385,21.307692307692307,0.7996763298620884
8,8,2r_astar,risk_astar,2,pf-classic,26,68.495,189.74153846153845,444.30837692307693,20.807692307692307,0.7999251464682089
8,8,2r_astar,risk_astar,2,pf-classic,26,68.495,189.74153846153845,444.30837692307693,20.807692307692307,0.7999251464682089
8,8,2r_astar,risk_astar,2,pf-classic-sw,26,1.928076923076923,350.7396153846154,773.3625153846153,10.961538461538462,0.8003736982386723
8,8,2r_astar,risk_astar,2,risk-aware,26,88.22384615384615,182.52807692307692,429.1550461538462,21.807692307692307,0.7999473509199734
8,8,2r_astar,risk_astar,2,round-robin,26,91.93884615384616,182.65346153846153,430.0449730769231,21.846153846153847,0.7999279818292615
8,8,2r_astar,risk_astar,2,round-robin,26,91.93884615384616,182.65346153846153,430.0449730769231,21.846153846153847,0.7999279818292615
8,8,2r_astar,risk_astar,2,round-robin-sw,26,4.734230769230769,1223.5561538461538,1703.341846153846,1.6153846153846154,0.8043271193359641
8,16,2r_astar,risk_astar,2,aoi-normalized,52,35.26538461538462,346.8921153846154,784.104825,10.211538461538462,0.7998104818135433
8,16,2r_astar,risk_astar,2,aoi-pure,52,168.1469230769231,295.48115384615386,713.031923076923,12.557692307692308,0.7995325422509888
8,16,2r_astar,risk_astar,2,max-weight-drift,52,53.97730769230769,302.5644230769231,687.2700153846154,12.115384615384615,0.7994794530591297
8,16,2r_astar,risk_astar,2,max-weight-drift,52,53.97730769230769,302.5644230769231,687.2700153846154,12.115384615384615,0.7994794530591297
8,16,2r_astar,risk_astar,2,max-weight-sw,52,46.175192307692306,511.09096153846156,833.0438115384616,11.865384615384615,0.7995580110497238
8,16,2r_astar,risk_astar,2,pf-classic,52,66.5473076923077,328.72173076923076,736.3052211538461,12.461538461538462,0.799829807926088
8,16,2r_astar,risk_astar,2,pf-classic,52,66.5473076923077,328.72173076923076,736.3052211538461,12.461538461538462,0.799829807926088
8,16,2r_astar,risk_astar,2,pf-classic-sw,52,2.8853846153846154,599.4244230769231,1159.448175,5.884615384615385,0.8013308211500394
8,16,2r_astar,risk_astar,2,risk-aware,52,170.87269230769232,299.41423076923076,701.5524865384615,12.557692307692308,0.799582963832898
8,16,2r_astar,risk_astar,2,round-robin,52,160.68115384615385,318.2203846153846,747.1797153846154,12.461538461538462,0.7996374941482913
8,16,2r_astar,risk_astar,2,round-robin,52,160.68115384615385,318.2203846153846,747.1797153846154,12.461538461538462,0.7996374941482913
8,16,2r_astar,risk_astar,2,round-robin-sw,52,2.1909615384615386,1392.3759615384615,1832.247401923077,1.0961538461538463,0.8002543181095687
8,32,2r_astar,risk_astar,2,aoi-normalized,104,22.017596153846153,565.0152884615385,1154.49265,5.038461538461538,0.8012209537204674
8,32,2r_astar,risk_astar,2,aoi-pure,104,332.15653846153845,492.82894230769233,1426.2931278846154,6.538461538461538,0.7998989615492562
8,32,2r_astar,risk_astar,2,max-weight-drift,104,41.75028846153846,509.75528846153844,1081.5427298076922,6.240384615384615,0.7994255738327518
8,32,2r_astar,risk_astar,2,max-weight-drift,104,41.75028846153846,509.75528846153844,1081.5427298076922,6.240384615384615,0.7994255738327518
8,32,2r_astar,risk_astar,2,max-weight-sw,104,31.69798076923077,974.7091346153846,1419.7435903846153,6.048076923076923,0.7998498025630466
8,32,2r_astar,risk_astar,2,pf-classic,104,163.34798076923076,524.4427884615385,1128.8753394230769,6.701923076923077,0.8000907338096859
8,32,2r_astar,risk_astar,2,pf-classic,104,163.34798076923076,524.4427884615385,1128.8753394230769,6.701923076923077,0.8000907338096859
8,32,2r_astar,risk_astar,2,pf-classic-sw,104,5.061153846153847,1024.6935576923076,1553.866375,2.798076923076923,0.7996652532916759
8,32,2r_astar,risk_astar,2,risk-aware,104,321.2775,499.5214423076923,1375.0211836538463,6.538461538461538,0.7998787279913762
8,32,2r_astar,risk_astar,2,round-robin,104,304.1232692307692,585.8459615384616,1494.3064548076923,6.6826923076923075,0.7999392323014077
8,32,2r_astar,risk_astar,2,round-robin,104,304.1232692307692,585.8459615384616,1494.3064548076923,6.6826923076923075,0.7999392323014077
8,32,2r_astar,risk_astar,2,round-robin-sw,104,3.613365384615385,1400.9714423076923,1838.6850961538462,0.17307692307692307,0.7983886078321154
8,64,2r_astar,risk_astar,2,aoi-normalized,208,21.30423076923077,909.8174038461539,1480.7492451923076,2.4375,0.8003706356869219
8,64,2r_astar,risk_astar,2,aoi-pure,208,566.3026442307693,726.25,3350.8828802884614,3.125,0.8000675557880056
8,64,2r_astar,risk_astar,2,max-weight-drift,208,37.543076923076924,745.017548076923,1359.8804913461538,2.860576923076923,0.8001224632610217
8,64,2r_astar,risk_astar,2,max-weight-drift,208,37.543076923076924,745.017548076923,1359.8804913461538,2.860576923076923,0.8001224632610217
8,64,2r_astar,risk_astar,2,max-weight-sw,208,18.275576923076922,1326.9026923076924,1772.1031283653847,2.3846153846153846,0.8002659266967279
8,64,2r_astar,risk_astar,2,pf-classic,208,389.718125,752.3329807692307,2251.7627701923075,3.451923076923077,0.7998462805380181
8,64,2r_astar,risk_astar,2,pf-classic,208,389.718125,752.3329807692307,2251.7627701923075,3.451923076923077,0.7998462805380181
8,64,2r_astar,risk_astar,2,pf-classic-sw,208,9.534471153846154,1354.6099038461539,1804.9018783653846,1.3125,0.7995846762854485
8,64,2r_astar,risk_astar,2,risk-aware,208,458.594375,738.8152884615384,2676.854241826923,3.168269230769231,0.7999651317366574
8,64,2r_astar,risk_astar,2,round-robin,208,537.7313461538462,993.7982692307693,3456.222717307692,3.423076923076923,0.8000240119623231
8,64,2r_astar,risk_astar,2,round-robin,208,537.7313461538462,993.7982692307693,3456.222717307692,3.423076923076923,0.8000240119623231
8,64,2r_astar,risk_astar,2,round-robin-sw,208,6.722451923076923,1400.5365865384615,1838.7231009615384,0.02403846153846154,0.7972526517127456
16,2,2r_astar,risk_astar,2,aoi-normalized,6,100.42166666666667,181.23,425.66206666666665,22,0.8050155987520998
16,2,2r_astar,risk_astar,2,aoi-pure,6,100.42166666666667,181.23,425.66206666666665,22,0.8050155987520998
16,2,2r_astar,risk_astar,2,max-weight-drift,6,95.60333333333334,181.25,425.7180666666667,22,0.80484586781816
16,2,2r_astar,risk_astar,2,max-weight-drift,6,95.60333333333334,181.25,425.7180666666667,22,0.80484586781816
16,2,2r_astar,risk_astar,2,max-weight-sw,6,39.13166666666667,184.45666666666665,431.88155,21.5,0.8046460581671849
16,2,2r_astar,risk_astar,2,pf-classic,6,100.42166666666667,181.23,425.66206666666665,22,0.8050155987520998
16,2,2r_astar,risk_astar,2,pf-classic,6,100.42166666666667,181.23,425.66206666666665,22,0.8050155987520998
16,2,2r_astar,risk_astar,2,pf-classic-sw,6,1.9049999999999998,349.12833333333333,769.7056666666666,11,0.8014251781472684
16,2,2r_astar,risk_astar,2,risk-aware,6,100.42166666666667,181.23,425.66206666666665,22,0.8050155987520998
16,2,2r_astar,risk_astar,2,round-robin,6,100.42166666666667,181.23,425.66206666666665,22,0.8050155987520998
16,2,2r_astar,risk_astar,2,round-robin,6,100.42166666666667,181.23,425.66206666666665,22,0.8050155987520998
16,2,2r_astar,risk_astar,2,round-robin-sw,6,1.2416666666666667,1401,1838.7153,0,0
16,4,2r_astar,risk_astar,2,aoi-normalized,12,92.71833333333333,181.75083333333333,427.6684333333333,22,0.802615790736741
16,4,2r_astar,risk_astar,2,aoi-pure,12,92.71833333333333,181.75083333333333,427.6684333333333,22,0.802615790736741
16,4,2r_astar,risk_astar,2,max-weight-drift,12,105.215,181.65416666666667,427.91929166666665,22,0.802956699052417
16,4,2r_astar,risk_astar,2,max-weight-drift,12,105.215,181.65416666666667,427.91929166666665,22,0.802956699052417
16,4,2r_astar,risk_astar,2,max-weight-sw,12,65.7025,182.6225,427.9973,21.75,0.8028177512293722
16,4,2r_astar,risk_astar,2,pf-classic,12,92.71833333333333,181.75083333333333,427.6684333333333,22,0.802615790736741
16,4,2r_astar,risk_astar,2,pf-classic,12,92.71833333333333,181.75083333333333,427.6684333333333,22,0.802615790736741
16,4,2r_astar,risk_astar,2,pf-classic-sw,12,1.9166666666666665,348.26,768.8153166666667,11,0.8051499076116111
16,4,2r_astar,risk_astar,2,risk-aware,12,92.71833333333333,181.75083333333333,427.6684333333333,22,0.802615790736741
16,4,2r_astar,risk_astar,2,round-robin,12,92.71833333333333,181.75083333333333,427.6684333333333,22,0.802615790736741
16,4,2r_astar,risk_astar,2,round-robin,12,92.71833333333333,181.75083333333333,427.6684333333333,22,0.802615790736741
16,4,2r_astar,risk_astar,2,round-robin-sw,12,1.2425,1401,1838.7152916666666,0,0
16,8,2r_astar,risk_astar,2,aoi-normalized,26,102.83923076923077,182.42576923076922,431.27436153846156,21.884615384615383,0.8002381249048193
16,8,2r_astar,risk_astar,2,aoi-pure,26,102.83923076923077,182.42576923076922,431.27436153846156,21.884615384615383,0.8002381249048193
16,8,2r_astar,risk_astar,2,max-weight-drift,26,98.33153846153846,182.42307692307693,430.61008846153845,21.884615384615383,0.8001162517126368
16,8,2r_astar,risk_astar,2,max-weight-drift,26,98.33153846153846,182.42307692307693,430.61008846153845,21.884615384615383,0.8001162517126368
16,8,2r_astar,risk_astar,2,max-weight-sw,26,79.26307692307692,183.46653846153848,429.96120384615386,21.615384615384617,0.7997517641480489
16,8,2r_astar,risk_astar,2,pf-classic,26,102.83923076923077,182.42576923076922,431.27436153846156,21.884615384615383,0.8002381249048193
16,8,2r_astar,risk_astar,2,pf-classic,26,102.83923076923077,182.42576923076922,431.27436153846156,21.884615384615383,0.8002381249048193
16,8,2r_astar,risk_astar,2,pf-classic-sw,26,1.9226923076923077,351.2661538461538,774.0903461538462,10.923076923076923,0.7973621431901067
16,8,2r_astar,risk_astar,2,risk-aware,26,102.83923076923077,182.42576923076922,431.27436153846156,21.884615384615383,0.8002381249048193
16,8,2r_astar,risk_astar,2,round-robin,26,102.83923076923077,182.42576923076922,431.27436153846156,21.884615384615383,0.8002381249048193
16,8,2r_astar,risk_astar,2,round-robin,26,102.83923076923077,182.42576923076922,431.27436153846156,21.884615384615383,0.8002381249048193
16,8,2r_astar,risk_astar,2,round-robin-sw,26,1.2507692307692309,1401,1838.7153192307692,0,0
16,16,2r_astar,risk_astar,2,aoi-normalized,52,76.80403846153847,185.31884615384615,434.7934923076923,21.28846153846154,0.8006912442396313
16,16,2r_astar,risk_astar,2,aoi-pure,52,89.09173076923076,182.515,435.47390384615386,21.96153846153846,0.8005016560191793
16,16,2r_astar,risk_astar,2,max-weight-drift,52,71.40903846153846,182.61673076923077,431.43386346153846,21.807692307692307,0.8003868847457862
16,16,2r_astar,risk_astar,2,max-weight-drift,52,71.40903846153846,182.61673076923077,431.43386346153846,21.807692307692307,0.8003868847457862
16,16,2r_astar,risk_astar,2,max-weight-sw,52,58.450384615384614,184.35961538461538,432.7238038461538,21.326923076923077,0.8005331120238565
16,16,2r_astar,risk_astar,2,pf-classic,52,70.11057692307692,189.4201923076923,446.8462153846154,21.057692307692307,0.8006502334078992
16,16,2r_astar,risk_astar,2,pf-classic,52,70.11057692307692,189.4201923076923,446.8462153846154,21.057692307692307,0.8006502334078992
16,16,2r_astar,risk_astar,2,pf-classic-sw,52,1.9217307692307692,350.82153846153847,773.2986846153846,10.942307692307692,0.7992971763510823
16,16,2r_astar,risk_astar,2,risk-aware,52,91.41615384615385,182.5625,436.01264615384616,21.846153846153847,0.8005515406414778
16,16,2r_astar,risk_astar,2,round-robin,52,93.88326923076923,182.37634615384616,437.1633673076923,21.884615384615383,0.8005458046462659
16,16,2r_astar,risk_astar,2,round-robin,52,93.88326923076923,182.37634615384616,437.1633673076923,21.884615384615383,0.8005458046462659
16,16,2r_astar,risk_astar,2,round-robin-sw,52,1.3042307692307693,1400.8509615384617,1838.519075,0.5769230769230769,0.7973745173745174
16,32,2r_astar,risk_astar,2,aoi-normalized,104,35.35971153846154,348.4348076923077,797.2738653846154,10.009615384615385,0.8003936362145317
16,32,2r_astar,risk_astar,2,aoi-pure,104,168.32865384615386,294.83076923076925,768.1528625,12.548076923076923,0.8005262873960762
16,32,2r_astar,risk_astar,2,max-weight-drift,104,49.93836538461539,306.3985576923077,701.1243701923077,12.038461538461538,0.8002508700517726
16,32,2r_astar,risk_astar,2,max-weight-drift,104,49.93836538461539,306.3985576923077,701.1243701923077,12.038461538461538,0.8002508700517726
16,32,2r_astar,risk_astar,2,max-weight-sw,104,45.81836538461538,514.5891346153846,839.8647028846153,11.884615384615385,0.8002885471344814
16,32,2r_astar,risk_astar,2,pf-classic,104,65.90278846153846,329.0048076923077,746.8806788461538,12.5,0.800290332181318
16,32,2r_astar,risk_astar,2,pf-classic,104,65.90278846153846,329.0048076923077,746.8806788461538,12.5,0.800290332181318
16,32,2r_astar,risk_astar,2,pf-classic-sw,104,2.8756730769230767,599.66,1159.344776923077,5.903846153846154,0.8008526042534949
16,32,2r_astar,risk_astar,2,risk-aware,104,166.54721153846154,298.19,754.2917076923077,12.60576923076923,0.8004219813944567
16,32,2r_astar,risk_astar,2,round-robin,104,157.11432692307693,317.7382692307692,802.9671586538461,12.509615384615385,0.8002785498598246
16,32,2r_astar,risk_astar,2,round-robin,104,157.11432692307693,317.7382692307692,802.9671586538461,12.509615384615385,0.8002785498598246
16,32,2r_astar,risk_astar,2,round-robin-sw,104,3.5775,1394.9422115384616,1833.0015076923078,0.125,0.8040394088669951
16,64,2r_astar,risk_astar,2,aoi-normalized,208,21.38394230769231,607.5744711538462,1202.0478639423077,4.947115384615385,0.8003810864790823
16,64,2r_astar,risk_astar,2,aoi-pure,208,331.9212019230769,494.24105769230766,1829.9641259615385,6.5576923076923075,0.8003480408667341
16,64,2r_astar,risk_astar,2,max-weight-drift,208,36.66408653846154,515.2685576923077,1095.264029326923,6.019230769230769,0.8008637265189517
16,64,2r_astar,risk_astar,2,max-weight-drift,208,36.66408653846154,515.2685576923077,1095.264029326923,6.019230769230769,0.8008637265189517
16,64,2r_astar,risk_astar,2,max-weight-sw,208,31.81903846153846,980.71,1430.905089423077,6.086538461538462,0.8009251410719043
16,64,2r_astar,risk_astar,2,pf-classic,208,160.9125,522.3571153846154,1223.0707677884616,6.711538461538462,0.8004694702583788
16,64,2r_astar,risk_astar,2,pf-classic,208,160.9125,522.3571153846154,1223.0707677884616,6.711538461538462,0.8004694702583788
16,64,2r_astar,risk_astar,2,pf-classic-sw,208,5.051923076923077,1023.9977884615384,1553.3290586538462,2.8028846153846154,0.8024720357941835
16,64,2r_astar,risk_astar,2,risk-aware,208,305.84682692307695,496.4551923076923,1671.1260990384615,6.6298076923076925,0.800226950992068
16,64,2r_astar,risk_astar,2,round-robin,208,299.16216346153846,583.9991346153846,1839.5893692307693,6.663461538461538,0.800348941918055
16,64,2r_astar,risk_astar,2,round-robin,208,299.16216346153846,583.9991346153846,1839.5893692307693,6.663461538461538,0.800348941918055
16,64,2r_astar,risk_astar,2,round-robin-sw,208,3.7625,1399.126875,1837.0434110576923,0.02403846153846154,0.7945878360275074
32,2,2r_astar,risk_astar,2,aoi-normalized,6,100.42166666666667,181.23,425.66206666666665,22,0.8050155987520998
32,2,2r_astar,risk_astar,2,aoi-pure,6,100.42166666666667,181.23,425.66206666666665,22,0.8050155987520998
32,2,2r_astar,risk_astar,2,max-weight-drift,6,95.60333333333334,181.25,425.7180666666667,22,0.80484586781816
32,2,2r_astar,risk_astar,2,max-weight-drift,6,95.60333333333334,181.25,425.7180666666667,22,0.80484586781816
32,2,2r_astar,risk_astar,2,max-weight-sw,6,33.535,186.60500000000002,437.09276666666665,21,0.8040644882327507
32,2,2r_astar,risk_astar,2,pf-classic,6,100.42166666666667,181.23,425.66206666666665,22,0.8050155987520998
32,2,2r_astar,risk_astar,2,pf-classic,6,100.42166666666667,181.23,425.66206666666665,22,0.8050155987520998
32,2,2r_astar,risk_astar,2,pf-classic-sw,6,1.9049999999999998,349.12833333333333,769.7056666666666,11,0.8014251781472684
32,2,2r_astar,risk_astar,2,risk-aware,6,100.42166666666667,181.23,425.66206666666665,22,0.8050155987520998
32,2,2r_astar,risk_astar,2,round-robin,6,100.42166666666667,181.23,425.66206666666665,22,0.8050155987520998
32,2,2r_astar,risk_astar,2,round-robin,6,100.42166666666667,181.23,425.66206666666665,22,0.8050155987520998
32,2,2r_astar,risk_astar,2,round-robin-sw,6,1.2416666666666667,1401,1838.7153,0,0
32,4,2r_astar,risk_astar,2,aoi-normalized,12,92.71833333333333,181.75083333333333,427.6684333333333,22,0.802615790736741
32,4,2r_astar,risk_astar,2,aoi-pure,12,92.71833333333333,181.75083333333333,427.6684333333333,22,0.802615790736741
32,4,2r_astar,risk_astar,2,max-weight-drift,12,105.215,181.65416666666667,427.91929166666665,22,0.802956699052417
32,4,2r_astar,risk_astar,2,max-weight-drift,12,105.215,181.65416666666667,427.91929166666665,22,0.802956699052417
32,4,2r_astar,risk_astar,2,max-weight-sw,12,90.97,182.06333333333333,427.3038,21.833333333333332,0.8025374301004149
32,4,2r_astar,risk_astar,2,pf-classic,12,92.71833333333333,181.75083333333333,427.6684333333333,22,0.802615790736741
32,4,2r_astar,risk_astar,2,pf-classic,12,92.71833333333333,181.75083333333333,427.6684333333333,22,0.802615790736741
32,4,2r_astar,risk_astar,2,pf-classic-sw,12,1.9166666666666665,348.26,768.8153166666667,11,0.8051499076116111
32,4,2r_astar,risk_astar,2,risk-aware,12,92.71833333333333,181.75083333333333,427.6684333333333,22,0.802615790736741
32,4,2r_astar,risk_astar,2,round-robin,12,92.71833333333333,181.75083333333333,427.6684333333333,22,0.802615790736741
32,4,2r_astar,risk_astar,2,round-robin,12,92.71833333333333,181.75083333333333,427.6684333333333,22,0.802615790736741
32,4,2r_astar,risk_astar,2,round-robin-sw,12,1.2425,1401,1838.7152916666666,0,0
32,8,2r_astar,risk_astar,2,aoi-normalized,26,102.83923076923077,182.42576923076922,431.27436153846156,21.884615384615383,0.8002381249048193
32,8,2r_astar,risk_astar,2,aoi-pure,26,102.83923076923077,182.42576923076922,431.27436153846156,21.884615384615383,0.8002381249048193
32,8,2r_astar,risk_astar,2,max-weight-drift,26,98.33153846153846,182.42307692307693,430.61008846153845,21.884615384615383,0.8001162517126368
32,8,2r_astar,risk_astar,2,max-weight-drift,26,98.33153846153846,182.42307692307693,430.61008846153845,21.884615384615383,0.8001162517126368
32,8,2r_astar,risk_astar,2,max-weight-sw,26,133.99923076923076,182.6203846153846,434.80635,21.76923076923077,0.7997116557613397
32,8,2r_astar,risk_astar,2,pf-classic,26,102.83923076923077,182.42576923076922,431.27436153846156,21.884615384615383,0.8002381249048193
32,8,2r_astar,risk_astar,2,pf-classic,26,102.83923076923077,182.42576923076922,431.27436153846156,21.884615384615383,0.8002381249048193
32,8,2r_astar,risk_astar,2,pf-classic-sw,26,1.9226923076923077,351.2661538461538,774.0903461538462,10.923076923076923,0.7973621431901067
32,8,2r_astar,risk_astar,2,risk-aware,26,102.83923076923077,182.42576923076922,431.27436153846156,21.884615384615383,0.8002381249048193
32,8,2r_astar,risk_astar,2,round-robin,26,102.83923076923077,182.42576923076922,431.27436153846156,21.884615384615383,0.8002381249048193
32,8,2r_astar,risk_astar,2,round-robin,26,102.83923076923077,182.42576923076922,431.27436153846156,21.884615384615383,0.8002381249048193
32,8,2r_astar,risk_astar,2,round-robin-sw,26,1.2507692307692309,1401,1838.7153192307692,0,0
32,16,2r_astar,risk_astar,2,aoi-normalized,52,94.33461538461539,182.35057692307691,437.48174807692305,21.903846153846153,0.8005150143290277
32,16,2r_astar,risk_astar,2,aoi-pure,52,94.33461538461539,182.35057692307691,437.48174807692305,21.903846153846153,0.8005150143290277
32,16,2r_astar,risk_astar,2,max-weight-drift,52,95.60826923076922,182.3223076923077,438.48619423076923,21.903846153846153,0.800476078442227
32,16,2r_astar,risk_astar,2,max-weight-drift,52,95.60826923076922,182.3223076923077,438.48619423076923,21.903846153846153,0.800476078442227
32,16,2r_astar,risk_astar,2,max-weight-sw,52,104.86557692307693,182.95903846153846,442.17711346153845,21.653846153846153,0.8004945150618143
32,16,2r_astar,risk_astar,2,pf-classic,52,94.33461538461539,182.35057692307691,437.48174807692305,21.903846153846153,0.8005150143290277
32,16,2r_astar,risk_astar,2,pf-classic,52,94.33461538461539,182.35057692307691,437.48174807692305,21.903846153846153,0.8005150143290277
32,16,2r_astar,risk_astar,2,pf-classic-sw,52,1.9236538461538462,350.3032692307692,772.1827403846154,10.961538461538462,0.8005465606503797
32,16,2r_astar,risk_astar,2,risk-aware,52,94.33461538461539,182.35057692307691,437.48174807692305,21.903846153846153,0.8005150143290277
32,16,2r_astar,risk_astar,2,round-robin,52,94.33461538461539,182.35057692307691,437.48174807692305,21.903846153846153,0.8005150143290277
32,16,2r_astar,risk_astar,2,round-robin,52,94.33461538461539,182.35057692307691,437.48174807692305,21.903846153846153,0.8005150143290277
32,16,2r_astar,risk_astar,2,round-robin-sw,52,1.2498076923076924,1401,1838.715301923077,0,0
32,32,2r_astar,risk_astar,2,aoi-normalized,104,84.67326923076924,185.27653846153845,454.08573461538464,21.259615384615383,0.8000603939819173
32,32,2r_astar,risk_astar,2,aoi-pure,104,91.73980769230769,182.6980769230769,455.2159355769231,21.817307692307693,0.7998918671629687
32,32,2r_astar,risk_astar,2,max-weight-drift,104,73.5764423076923,182.95682692307693,445.2420028846154,21.798076923076923,0.7997592685092685
32,32,2r_astar,risk_astar,2,max-weight-drift,104,73.5764423076923,182.95682692307693,445.2420028846154,21.798076923076923,0.7997592685092685
32,32,2r_astar,risk_astar,2,max-weight-sw,104,66.52115384615385,184.42125000000001,445.40256923076925,21.278846153846153,0.8001631407405324
32,32,2r_astar,risk_astar,2,pf-classic,104,69.72605769230769,189.49423076923077,458.399475,20.942307692307693,0.7998159491559543
32,32,2r_astar,risk_astar,2,pf-classic,104,69.72605769230769,189.49423076923077,458.399475,20.942307692307693,0.7998159491559543
32,32,2r_astar,risk_astar,2,pf-classic-sw,104,1.9265384615384615,350.4989423076923,772.7055557692307,10.98076923076923,0.8008576199671521
32,32,2r_astar,risk_astar,2,risk-aware,104,91.64826923076923,182.75942307692307,455.5437230769231,21.817307692307693,0.7998543992234626
32,32,2r_astar,risk_astar,2,round-robin,104,91.91634615384615,182.68653846153848,457.1028451923077,21.85576923076923,0.7998032396181186
32,32,2r_astar,risk_astar,2,round-robin,104,91.91634615384615,182.68653846153848,457.1028451923077,21.85576923076923,0.7998032396181186
32,32,2r_astar,risk_astar,2,round-robin-sw,104,13.10798076923077,1389.3738461538462,1834.2397807692307,0.19230769230769232,0.7948291167332445
32,64,2r_astar,risk_astar,2,aoi-normalized,208,34.090240384615385,354.5285096153846,818.2044653846153,9.927884615384615,0.7986162589572523
32,64,2r_astar,risk_astar,2,aoi-pure,208,167.35471153846154,294.82447115384616,881.9746548076923,12.576923076923077,0.7997140742028395
32,64,2r_astar,risk_astar,2,max-weight-drift,208,46.90620192307692,323.31245192307694,737.5483461538462,11.850961538461538,0.7996539019761081
32,64,2r_astar,risk_astar,2,max-weight-drift,208,46.90620192307692,323.31245192307694,737.5483461538462,11.850961538461538,0.7996539019761081
32,64,2r_astar,risk_astar,2,max-weight-sw,208,46.739615384615384,515.9415865384616,853.4477293269231,11.903846153846153,0.7997722382351226
32,64,2r_astar,risk_astar,2,pf-classic,208,65.68375,327.8351923076923,765.6049600961538,12.495192307692308,0.7997983497477853
32,64,2r_astar,risk_astar,2,pf-classic,208,65.68375,327.8351923076923,765.6049600961538,12.495192307692308,0.7997983497477853
32,64,2r_astar,risk_astar,2,pf-classic-sw,208,2.871971153846154,599.8859134615385,1160.0412552884616,5.913461538461538,0.7990280347147455
32,64,2r_astar,risk_astar,2,risk-aware,208,160.38341346153845,297.8091826923077,851.6255822115385,12.591346153846153,0.7997408891341379
32,64,2r_astar,risk_astar,2,round-robin,208,164.92221153846154,318.68081730769234,938.9150480769231,12.514423076923077,0.7997861855441007
32,64,2r_astar,risk_astar,2,round-robin,208,164.92221153846154,318.68081730769234,938.9150480769231,12.514423076923077,0.7997861855441007
32,64,2r_astar,risk_astar,2,round-robin-sw,208,3.038653846153846,1397.5970192307693,1836.2170052884615,0.04326923076923077,0.7991440521350063
1,2,2r_static,static,2,aoi-normalized,6,60.541666666666664,302.485,697.71375,12.333333333333334,0.8046100818612667
1,2,2r_static,static,2,aoi-pure,6,176.52,285.56,665.6739333333334,13,0.8047276464542652
1,2,2r_static,static,2,max-weight-drift,6,104.06333333333333,287.225,666.2771666666666,13,0.80532617671346
1,2,2r_static,static,2,max-weight-drift,6,104.06333333333333,287.225,666.2771666666666,13,0.80532617671346
1,2,2r_static,static,2,max-weight-sw,6,58.585,311.6483333333333,653.8494666666667,12.5,0.8052477524566172
1,2,2r_static,static,2,pf-classic,6,64.18333333333334,323.45166666666665,720.4954666666666,12.666666666666666,0.806070826306914
1,2,2r_static,static,2,pf-classic,6,64.18333333333334,323.45166666666665,720.4954666666666,12.666666666666666,0.806070826306914
1,2,2r_static,static,2,pf-classic-sw,6,2.9333333333333336,593.02,1141.5810833333333,6,0.8051868490912804
1,2,2r_static,static,2,risk-aware,6,186.03,290.50333333333333,665.7077,13,0.8042094455852156
1,2,2r_static,static,2,round-robin,6,148.64666666666668,318.495,710.4229333333333,13,0.8045669615305493
1,2,2r_static,static,2,round-robin,6,148.64666666666668,318.495,710.4229333333333,13,0.8045669615305493
1,2,2r_static,static,2,round-robin-sw,6,3.22,593.1533333333333,1141.8191666666667,6,0.8053061224489796
1,4,2r_static,static,2,aoi-normalized,12,62.22416666666667,498.6625,1072.269475,6.416666666666667,0.8044720746014239
1,4,2r_static,static,2,aoi-pure,12,340.1958333333333,495.0808333333333,1093.3849916666668,6.583333333333333,0.8046373478969052
1,4,2r_static,static,2,max-weight-drift,12,67.88333333333333,500.4708333333333,1074.489525,6.583333333333333,0.8050049067713445
1,4,2r_static,static,2,max-weight-drift,12,67.88333333333333,500.4708333333333,1074.489525,6.583333333333333,0.8050049067713445
1,4,2r_static,static,2,max-weight-sw,12,38.14333333333333,552.62,1059.5443333333333,6.416666666666667,0.8038346562210081
1,4,2r_static,static,2,pf-classic,12,160.34333333333333,535.7516666666667,1064.899575,6.833333333333333,0.8051152387435573
1,4,2r_static,static,2,pf-classic,12,160.34333333333333,535.7516666666667,1064.899575,6.833333333333333,0.8051152387435573
1,4,2r_static,static,2,pf-classic-sw,12,5.104166666666667,1012.9791666666667,1543.4500833333334,2.8333333333333335,0.810738255033557
1,4,2r_static,static,2,risk-aware,12,327.28416666666664,500.1375,1065.7854750000001,6.583333333333333,0.8045789826611744
1,4,2r_static,static,2,round-robin,12,260.1066666666667,578.5066666666667,1150.1186333333335,6.833333333333333,0.8045127220355257
1,4,2r_static,static,2,round-robin,12,260.1066666666667,578.5066666666667,1150.1186333333335,6.833333333333333,0.8045127220355257
1,4,2r_static,static,2,round-robin-sw,12,5.859166666666667,1016.2416666666667,1545.9471166666667,2.8333333333333335,0.8060952380952381
1,8,2r_static,static,2,aoi-normalized,26,64.27730769230769,730.48,1330.7961653846155,3.076923076923077,0.8053785607196402
1,8,2r_static,static,2,aoi-pure,26,583.1953846153846,714.1892307692308,1526.1970961538461,3.1923076923076925,0.8062069566733502
1,8,2r_static,static,2,max-weight-drift,26,70.81038461538462,722.6480769230769,1325.763076923077,3.1153846153846154,0.8057718735684838
1,8,2r_static,static,2,max-weight-drift,26,70.81038461538462,722.6480769230769,1325.763076923077,3.1153846153846154,0.8057718735684838
1,8,2r_static,static,2,max-weight-sw,26,25.486923076923077,875.6857692307692,1442.6989346153846,2.5384615384615383,0.8046468616344932
1,8,2r_static,static,2,pf-classic,26,397.9019230769231,757.0823076923077,1396.0097615384616,3.5,0.8059439022245669
1,8,2r_static,static,2,pf-classic,26,397.9019230769231,757.0823076923077,1396.0097615384616,3.5,0.8059439022245669
1,8,2r_static,static,2,pf-classic-sw,26,9.571538461538461,1352.8392307692309,1802.8551423076924,1.3076923076923077,0.8156835287939787
1,8,2r_static,static,2,risk-aware,26,558.4153846153846,724.8369230769231,1522.3556384615385,3,0.8058218581139969
1,8,2r_static,static,2,round-robin,26,513.6257692307693,952.4096153846153,1679.988303846154,3.5,0.8061812467260345
1,8,2r_static,static,2,round-robin,26,513.6257692307693,952.4096153846153,1679.988303846154,3.5,0.8061812467260345
1,8,2r_static,static,2,round-robin-sw,26,11.29653846153846,1351.1207692307692,1801.751103846154,1.3076923076923077,0.8072727272727273
1,16,2r_static,static,2,aoi-normalized,52,63.12615384615385,1296.4809615384615,1766.3880673076924,1.3076923076923077,0.8072593371909521
1,16,2r_static,static,2,aoi-pure,52,1080.428076923077,1239.803846153846,2937.947967307692,1.5384615384615385,0.8060944206008583
1,16,2r_static,static,2,max-weight-drift,52,79.00961538461539,1268.6515384615384,1748.1105692307692,1.4423076923076923,0.8057757644394111
1,16,2r_static,static,2,max-weight-drift,52,79.00961538461539,1268.6515384615384,1748.1105692307692,1.4423076923076923,0.8057757644394111
1,16,2r_static,static,2,max-weight-sw,52,10.054230769230768,1400.998653846154,1838.7287846153847,0.11538461538461539,0.8165938864628821
1,16,2r_static,static,2,pf-classic,52,581.9578846153846,1147.5725,2080.0314884615386,1.7884615384615385,0.8066164371698277
1,16,2r_static,static,2,pf-classic,52,581.9578846153846,1147.5725,2080.0314884615386,1.7884615384615385,0.8066164371698277
1,16,2r_static,static,2,pf-classic-sw,52,18.520384615384614,1396.7751923076924,1835.656348076923,0.2692307692307692,0.8052479127619697
1,16,2r_static,static,2,risk-aware,52,902.9330769230769,1258.585576923077,2681.695501923077,1.5,0.8060085836909872
1,16,2r_static,static,2,round-robin,52,801.8125,1330.5971153846153,2551.86705,1.7692307692307692,0.8061049011177988
1,16,2r_static,static,2,round-robin,52,801.8125,1330.5971153846153,2551.86705,1.7692307692307692,0.8061049011177988
1,16,2r_static,static,2,round-robin-sw,52,21.95,1397.1584615384616,1835.9804057692309,0.25,0.8070624360286591
1,32,2r_static,static,2,aoi-normalized,104,20.934134615384615,1400.75,1838.9026817307692,0,0.8117505995203836
1,32,2r_static,static,2,aoi-pure,104,1256.8404807692307,1347.0628846153845,4886.0863625,0.2980769230769231,0.8059241503295951
1,32,2r_static,static,2,max-weight-drift,104,52.521153846153844,1356.0033653846153,1814.8348134615385,0.2403846153846154,0.8077063328066124
1,32,2r_static,static,2,max-weight-drift,104,52.521153846153844,1356.0033653846153,1814.8348134615385,0.2403846153846154,0.8077063328066124
1,32,2r_static,static,2,max-weight-sw,104,18.304326923076925,1400.75,1838.552560576923,0,0.831275720164609
1,32,2r_static,static,2,pf-classic,104,851.7140384615385,1366.9657692307692,3586.6509490384615,0.9038461538461539,0.8059266872216513
1,32,2r_static,static,2,pf-classic,104,851.7140384615385,1366.9657692307692,3586.6509490384615,0.9038461538461539,0.8059266872216513
1,32,2r_static,static,2,pf-classic-sw,104,36.58625,1400.7401923076923,1841.5334451923077,0.038461538461538464,0.8030379746835443
1,32,2r_static,static,2,risk-aware,104,839.8531730769231,1344.285673076923,3576.2357855769233,0.2980769230769231,0.8059433073563416
1,32,2r_static,static,2,round-robin,104,1102.0225,1400.4183653846153,4320.44723076923,0.6826923076923077,0.8060466307968229
1,32,2r_static,static,2,round-robin,104,1102.0225,1400.4183653846153,4320.44723076923,0.6826923076923077,0.8060466307968229
1,32,2r_static,static,2,round-robin-sw,104,42.71298076923077,1400.739326923077,1844.1498451923078,0.038461538461538464,0.804233700254022
1,64,2r_static,static,2,aoi-normalized,208,36.058846153846154,1400.625,1848.6870682692308,0,0.8045515394912985
1,64,2r_static,static,2,aoi-pure,208,1328.8962980769231,1376.4997596153846,8541.794647596154,0.125,0.8050650357481265
1,64,2r_static,static,2,max-weight-drift,208,38.76677884615385,1396.287403846154,1846.9736427884616,0.038461538461538464,0.8056426332288401
1,64,2r_static,static,2,max-weight-drift,208,38.76677884615385,1396.287403846154,1846.9736427884616,0.038461538461538464,0.8056426332288401
1,64,2r_static,static,2,max-weight-sw,208,35.72841346153846,1400.625,1848.5896254807692,0,0.8085106382978723
1,64,2r_static,static,2,pf-classic,208,1128.5278365384615,1385.6117788461538,7246.936252403846,0.4519230769230769,0.8060197817189632
1,64,2r_static,static,2,pf-classic,208,1128.5278365384615,1385.6117788461538,7246.936252403846,0.4519230769230769,0.8060197817189632
1,64,2r_static,static,2,pf-classic-sw,208,71.16375,1400.625,1877.0611177884616,0,0.8031297324583544
1,64,2r_static,static,2,risk-aware,208,780.5458653846154,1376.0735576923078,5052.242439423077,0.125,0.8052921910015515
1,64,2r_static,static,2,round-robin,208,1302.173125,1400.546298076923,8355.385211057692,0.16346153846153846,0.8051334878530346
1,64,2r_static,static,2,round-robin,208,1302.173125,1400.546298076923,8355.385211057692,0.16346153846153846,0.8051334878530346
1,64,2r_static,static,2,round-robin-sw,208,84.03403846153846,1400.625,1900.8045100961538,0,0.8073549257759784
2,2,2r_static,static,2,aoi-normalized,6,67.09333333333333,184.92166666666668,428.70491666666663,21.166666666666668,0.8055899851264254
2,2,2r_static,static,2,aoi-pure,6,85.99333333333334,181.04333333333335,424.9837,22,0.8049351585014409
2,2,2r_static,static,2,max-weight-drift,6,68.425,181.63333333333333,426.54716666666667,22,0.80489123903377
2,2,2r_static,static,2,max-weight-drift,6,68.425,181.63333333333333,426.54716666666667,22,0.80489123903377
2,2,2r_static,static,2,max-weight-sw,6,35.51833333333333,184.54666666666668,431.1454,21.333333333333332,0.8036926086690713
2,2,2r_static,static,2,pf-classic,6,64.06333333333333,189.53,443.76658333333336,21,0.8057472706738612
2,2,2r_static,static,2,pf-classic,6,64.06333333333333,189.53,443.76658333333336,21,0.8057472706738612
2,2,2r_static,static,2,pf-classic-sw,6,1.9049999999999998,349.71500000000003,771.99865,11,0.8002375296912114
2,2,2r_static,static,2,risk-aware,6,85.99333333333334,181.04333333333335,424.9837,22,0.8049351585014409
2,2,2r_static,static,2,round-robin,6,93.66499999999999,181.09166666666667,425.6483166666667,22,0.8047170377483046
2,2,2r_static,static,2,round-robin,6,93.66499999999999,181.09166666666667,425.6483166666667,22,0.8047170377483046
2,2,2r_static,static,2,round-robin-sw,6,60.17833333333333,404.39,819.6661166666667,10.666666666666666,0.8036904761904762
2,4,2r_static,static,2,aoi-normalized,12,55.240833333333335,303.4975,690.551175,12.166666666666666,0.8051550895587593
2,4,2r_static,static,2,aoi-pure,12,171.08916666666667,295.36,677.3686,12.583333333333334,0.8038309454115955
2,4,2r_static,static,2,max-weight-drift,12,65.0775,296.1558333333333,676.5766666666666,12.416666666666666,0.8032965324210853
2,4,2r_static,static,2,max-weight-drift,12,65.0775,296.1558333333333,676.5766666666666,12.416666666666666,0.8032965324210853
2,4,2r_static,static,2,max-weight-sw,12,29.916666666666668,340.79083333333335,687.6353916666667,12,0.8038794261458277
2,4,2r_static,static,2,pf-classic,12,64.83166666666666,323.2916666666667,723.289325,12.666666666666666,0.8040066952610105
2,4,2r_static,static,2,pf-classic,12,64.83166666666666,323.2916666666667,723.289325,12.666666666666666,0.8040066952610105
2,4,2r_static,static,2,pf-classic-sw,12,2.89,592.6066666666667,1148.4161166666665,6,0.805808364863483
2,4,2r_static,static,2,risk-aware,12,177.44083333333333,292.8275,658.3902916666667,12.75,0.8035521790462502
2,4,2r_static,static,2,round-robin,12,155.7375,315.2225,702.85755,12.833333333333334,0.8039397212364348
2,4,2r_static,static,2,round-robin,12,155.7375,315.2225,702.85755,12.833333333333334,0.8039397212364348
2,4,2r_static,static,2,round-robin-sw,12,10.461666666666666,599.9591666666666,1153.4224083333334,6.083333333333333,0.8016326530612244
2,8,2r_static,static,2,aoi-normalized,26,41.995769230769234,517.7980769230769,1101.3036961538462,6,0.8021547016185085
2,8,2r_static,static,2,aoi-pure,26,340.9780769230769,492.33923076923077,1130.8747576923076,6.615384615384615,0.8036757436865283
2,8,2r_static,static,2,max-weight-drift,26,64.88807692307692,497.77153846153846,1066.7499038461538,6.384615384615385,0.8028188475887799
2,8,2r_static,static,2,max-weight-drift,26,64.88807692307692,497.77153846153846,1066.7499038461538,6.384615384615385,0.8028188475887799
2,8,2r_static,static,2,max-weight-sw,26,22.97230769230769,654.8523076923077,1152.7944461538461,6,0.8025901472828847
2,8,2r_static,static,2,pf-classic,26,174.27038461538461,529.3823076923077,1061.6703961538462,6.769230769230769,0.8028245765405749
2,8,2r_static,static,2,pf-classic,26,174.27038461538461,529.3823076923077,1061.6703961538462,6.769230769230769,0.8028245765405749
2,8,2r_static,static,2,pf-classic-sw,26,5.085,1021.9688461538461,1551.4626153846154,2.8461538461538463,0.8059086839749329
2,8,2r_static,static,2,risk-aware,26,333.35615384615386,492.60153846153844,1098.5873692307691,6.615384615384615,0.8030894966096367
2,8,2r_static,static,2,round-robin,26,258.6292307692308,578.6557692307692,1180.8610807692307,6.730769230769231,0.8024574669187146
2,8,2r_static,static,2,round-robin,26,258.6292307692308,578.6557692307692,1180.8610807692307,6.730769230769231,0.8024574669187146
2,8,2r_static,static,2,round-robin-sw,26,5.78923076923077,1027.1023076923077,1556.5041038461538,2.6923076923076925,0.7989861751152074
2,16,2r_static,static,2,aoi-normalized,52,40.39211538461539,770.6542307692308,1370.7429961538462,2.730769230769231,0.8054172029772231
2,16,2r_static,static,2,aoi-pure,52,585.2090384615385,727.4826923076923,1799.3011596153847,3.1346153846153846,0.8037472766884531
2,16,2r_static,static,2,max-weight-drift,52,63.73980769230769,734.8957692307692,1340.1231942307693,3.0576923076923075,0.8047167630057803
2,16,2r_static,static,2,max-weight-drift,52,63.73980769230769,734.8957692307692,1340.1231942307693,3.0576923076923075,0.8047167630057803
2,16,2r_static,static,2,max-weight-sw,52,14.825961538461538,1216.1126923076922,1697.5742692307692,2.230769230769231,0.8062157221206582
2,16,2r_static,static,2,pf-classic,52,390.7,751.5415384615385,1502.3792269230769,3.5,0.803442824521342
2,16,2r_static,static,2,pf-classic,52,390.7,751.5415384615385,1502.3792269230769,3.5,0.803442824521342
2,16,2r_static,static,2,pf-classic-sw,52,9.55,1354.1326923076924,1803.8656576923076,1.3076923076923077,0.8056254883236392
2,16,2r_static,static,2,risk-aware,52,518.2125,735.4253846153846,1719.9448134615384,3.0384615384615383,0.8040540540540541
2,16,2r_static,static,2,round-robin,52,496.02576923076924,986.3678846153846,1894.3775173076924,3.4615384615384617,0.8035005019422985
2,16,2r_static,static,2,round-robin,52,496.02576923076924,986.3678846153846,1894.3775173076924,3.4615384615384617,0.8035005019422985
2,16,2r_static,static,2,round-robin-sw,52,11.352307692307692,1351.975576923077,1802.021553846154,1.3076923076923077,0.8043308791684712
2,32,2r_static,static,2,aoi-normalized,104,30.309134615384615,1336.059326923077,1794.4276375,0.6923076923076923,0.8041431261770244
2,32,2r_static,static,2,aoi-pure,104,1084.262596153846,1243.8857692307693,4282.105916346154,1.5384615384615385,0.8039224100935543
2,32,2r_static,static,2,max-weight-drift,104,51.61096153846154,1291.2746153846153,1765.5328923076922,1.3942307692307692,0.8041702602607681
2,32,2r_static,static,2,max-weight-drift,104,51.61096153846154,1291.2746153846153,1765.5328923076922,1.3942307692307692,0.8041702602607681
2,32,2r_static,static,2,max-weight-sw,104,9.781057692307693,1400.741923076923,1838.3905528846153,0.07692307692307693,0.8166292134831461
2,32,2r_static,static,2,pf-classic,104,566.625,1147.309903846154,2516.8212153846152,1.7596153846153846,0.8043722943722944
2,32,2r_static,static,2,pf-classic,104,566.625,1147.309903846154,2516.8212153846152,1.7596153846153846,0.8043722943722944
2,32,2r_static,static,2,pf-classic-sw,104,18.534134615384616,1396.9144230769232,1835.7364990384615,0.25,0.802263251935676
2,32,2r_static,static,2,risk-aware,104,777.4664423076923,1256.5822115384615,3309.8737423076923,1.5192307692307692,0.8041219407471017
2,32,2r_static,static,2,round-robin,104,810.1168269230769,1334.411826923077,3445.6498634615386,1.75,0.8037833190025795
2,32,2r_static,static,2,round-robin,104,810.1168269230769,1334.411826923077,3445.6498634615386,1.75,0.8037833190025795
2,32,2r_static,static,2,round-robin-sw,104,21.952596153846155,1397.7611538461538,1837.0649365384616,0.25961538461538464,0.8043160519301865
2,64,2r_static,static,2,aoi-normalized,208,19.534567307692306,1400.0733173076924,1841.0922278846153,0.009615384615384616,0.8082565677243262
2,64,2r_static,static,2,aoi-pure,208,1255.6078846153846,1347.0317307692308,8094.850659134615,0.28365384615384615,0.8040500042811884
2,64,2r_static,static,2,max-weight-drift,208,37.77903846153846,1363.5217307692308,1824.3659836538461,0.1971153846153846,0.8130782499607966
2,64,2r_static,static,2,max-weight-drift,208,37.77903846153846,1363.5217307692308,1824.3659836538461,0.1971153846153846,0.8130782499607966
2,64,2r_static,static,2,max-weight-sw,208,18.320721153846154,1400.625,1841.1552841346154,0,0.8237547892720306
2,64,2r_static,static,2,pf-classic,208,862.8622115384616,1365.4285576923078,5511.2796908653845,0.8990384615384616,0.8041347429696528
2,64,2r_static,static,2,pf-classic,208,862.8622115384616,1365.4285576923078,5511.2796908653845,0.8990384615384616,0.8041347429696528
2,64,2r_static,static,2,pf-classic-sw,208,36.51634615384615,1400.6152884615385,1849.0002975961538,0.038461538461538464,0.8042153377348908
2,64,2r_static,static,2,risk-aware,208,763.5987980769231,1349.2669230769231,4932.767876923077,0.28365384615384615,0.8044046445863148
2,64,2r_static,static,2,round-robin,208,1107.2716346153845,1400.2944711538462,6966.695569711538,0.6826923076923077,0.8039969254419678
2,64,2r_static,static,2,round-robin,208,1107.2716346153845,1400.2944711538462,6966.695569711538,0.6826923076923077,0.8039969254419678
2,64,2r_static,static,2,round-robin-sw,208,42.91490384615385,1400.6150961538463,1855.4055836538462,0.04326923076923077,0.8046064932857385
4,2,2r_static,static,2,aoi-normalized,6,100.42166666666667,181.23,425.88738333333333,22,0.8050155987520998
4,2,2r_static,static,2,aoi-pure,6,100.42166666666667,181.23,425.88738333333333,22,0.8050155987520998
4,2,2r_static,static,2,max-weight-drift,6,95.60333333333334,181.25,425.9377,22,0.80484586781816
4,2,2r_static,static,2,max-weight-drift,6,95.60333333333334,181.25,425.9377,22,0.80484586781816
4,2,2r_static,static,2,max-weight-sw,6,51.965,182.76333333333332,428.0011333333333,21.833333333333332,0.8053065180518536
4,2,2r_static,static,2,pf-classic,6,100.42166666666667,181.23,425.88738333333333,22,0.8050155987520998
4,2,2r_static,static,2,pf-classic,6,100.42166666666667,181.23,425.88738333333333,22,0.8050155987520998
4,2,2r_static,static,2,pf-classic-sw,6,1.9033333333333333,349.0783333333333,769.4071333333334,11,0.8006411778674899
4,2,2r_static,static,2,risk-aware,6,100.42166666666667,181.23,425.88738333333333,22,0.8050155987520998
4,2,2r_static,static,2,round-robin,6,100.42166666666667,181.23,425.88738333333333,22,0.8050155987520998
4,2,2r_static,static,2,round-robin,6,100.42166666666667,181.23,425.88738333333333,22,0.8050155987520998
4,2,2r_static,static,2,round-robin-sw,6,1.2416666666666667,1401,1838.6974333333333,0,0
4,4,2r_static,static,2,aoi-normalized,12,68.60416666666667,185.08166666666668,429.62536666666665,21.25,0.8031551974313853
4,4,2r_static,static,2,aoi-pure,12,83.54916666666666,181.87583333333333,427.0700166666667,22,0.8025213867627194
4,4,2r_static,static,2,max-weight-drift,12,72.6725,182.05666666666667,427.472175,21.833333333333332,0.8024924924924924
4,4,2r_static,static,2,max-weight-drift,12,72.6725,182.05666666666667,427.472175,21.833333333333332,0.8024924924924924
4,4,2r_static,static,2,max-weight-sw,12,50.4375,183.98583333333335,429.8199916666667,21.416666666666668,0.8025409786119067
4,4,2r_static,static,2,pf-classic,12,66.39333333333333,189.1425,442.91990833333335,21,0.8034041224234854
4,4,2r_static,static,2,pf-classic,12,66.39333333333333,189.1425,442.91990833333335,21,0.8034041224234854
4,4,2r_static,static,2,pf-classic-sw,12,1.9116666666666666,349.89916666666664,771.3664,10.916666666666666,0.8007494200915958
4,4,2r_static,static,2,risk-aware,12,88.32833333333333,182.01583333333335,427.89051666666666,21.916666666666668,0.8027674390683155
4,4,2r_static,static,2,round-robin,12,100.27583333333334,181.79333333333332,427.4159,22,0.8029525609865874
4,4,2r_static,static,2,round-robin,12,100.27583333333334,181.79333333333332,427.4159,22,0.8029525609865874
4,4,2r_static,static,2,round-robin-sw,12,1.4766666666666666,872.2783333333333,1416.3637416666668,3.6666666666666665,0.7938095238095239
4,8,2r_static,static,2,aoi-normalized,26,37.636538461538464,342.2515384615385,777.2921307692308,10.538461538461538,0.8042883211678832
4,8,2r_static,static,2,aoi-pure,26,166.32576923076923,294.5019230769231,682.1624192307693,12.615384615384615,0.8034665452017357
4,8,2r_static,static,2,max-weight-drift,26,58.39961538461539,300.7303846153846,681.286323076923,12.461538461538462,0.8032085561497326
4,8,2r_static,static,2,max-weight-drift,26,58.39961538461539,300.7303846153846,681.286323076923,12.461538461538462,0.8032085561497326
4,8,2r_static,static,2,max-weight-sw,26,48.85346153846154,501.89807692307693,823.7505384615384,12.115384615384615,0.8027270943692368
4,8,2r_static,static,2,pf-classic,26,64.21576923076923,326.2203846153846,729.4816038461538,12.5,0.8032766931204051
4,8,2r_static,static,2,pf-classic,26,64.21576923076923,326.2203846153846,729.4816038461538,12.5,0.8032766931204051
4,8,2r_static,static,2,pf-classic-sw,26,2.8803846153846155,597.9246153846154,1157.2724884615384,5.923076923076923,0.8029322162985529
4,8,2r_static,static,2,risk-aware,26,172.62,297.55192307692306,674.6903,12.653846153846153,0.8033364492701517
4,8,2r_static,static,2,round-robin,26,153.52923076923076,317.16,716.1549692307692,12.576923076923077,0.8029957512182242
4,8,2r_static,static,2,round-robin,26,153.52923076923076,317.16,716.1549692307692,12.576923076923077,0.8029957512182242
4,8,2r_static,static,2,round-robin-sw,26,5.691923076923077,1096.7342307692309,1605.1889307692309,2.4615384615384617,0.8026017542130679
4,16,2r_static,static,2,aoi-normalized,52,27.128653846153846,536.6780769230769,1120.336228846154,5.269230769230769,0.8017780049988639
4,16,2r_static,static,2,aoi-pure,52,330.4228846153846,484.48615384615385,1203.7250634615384,6.711538461538462,0.8018001840587192
4,16,2r_static,static,2,max-weight-drift,52,56.13115384615384,502.9098076923077,1068.3516153846153,6.423076923076923,0.8021484874555305
4,16,2r_static,static,2,max-weight-drift,52,56.13115384615384,502.9098076923077,1068.3516153846153,6.423076923076923,0.8021484874555305
4,16,2r_static,static,2,max-weight-sw,52,29.05173076923077,935.1684615384615,1382.660853846154,6.038461538461538,0.8011768727414786
4,16,2r_static,static,2,pf-classic,52,172.425,524.9088461538462,1082.0613076923078,6.711538461538462,0.8020719985491476
4,16,2r_static,static,2,pf-classic,52,172.425,524.9088461538462,1082.0613076923078,6.711538461538462,0.8020719985491476
4,16,2r_static,static,2,pf-classic-sw,52,5.054807692307692,1022.8,1552.5945980769231,2.769230769230769,0.8024840280570076
4,16,2r_static,static,2,risk-aware,52,326.77596153846156,499.0994230769231,1189.9687403846153,6.519230769230769,0.8021827490961353
4,16,2r_static,static,2,round-robin,52,282.5659615384615,578.9201923076923,1264.4290653846153,6.6923076923076925,0.8019623728508417
4,16,2r_static,static,2,round-robin,52,282.5659615384615,578.9201923076923,1264.4290653846153,6.6923076923076925,0.8019623728508417
4,16,2r_static,static,2,round-robin-sw,52,4.200961538461539,1367.8073076923076,1813.3364211538462,1.2307692307692308,0.8028974808526345
4,32,2r_static,static,2,aoi-normalized,104,28.390192307692306,808.4429807692308,1401.9288884615385,2.5673076923076925,0.8002464644093656
4,32,2r_static,static,2,aoi-pure,104,568.2354807692308,724.4673076923077,2284.3111653846154,3.0961538461538463,0.8012204424103737
4,32,2r_static,static,2,max-weight-drift,104,46.12586538461539,745.4825,1352.2999615384615,2.951923076923077,0.8009892000382299
4,32,2r_static,static,2,max-weight-drift,104,46.12586538461539,745.4825,1352.2999615384615,2.951923076923077,0.8009892000382299
4,32,2r_static,static,2,max-weight-sw,104,17.018076923076922,1279.926826923077,1736.1556913461538,2.4134615384615383,0.7997197626926631
4,32,2r_static,static,2,pf-classic,104,387.76490384615386,750.5257692307692,1727.0782317307692,3.4615384615384617,0.8008872880611438
4,32,2r_static,static,2,pf-classic,104,387.76490384615386,750.5257692307692,1727.0782317307692,3.4615384615384617,0.8008872880611438
4,32,2r_static,static,2,pf-classic-sw,104,9.504807692307692,1354.488653846154,1804.0228115384616,1.3076923076923077,0.8014460752478677
4,32,2r_static,static,2,risk-aware,104,474.6104807692308,733.0156730769231,2021.2577394230768,3.1346153846153846,0.8011508533315896
4,32,2r_static,static,2,round-robin,104,509.61201923076925,984.9786538461539,2354.7611086538463,3.423076923076923,0.8010212988826816
4,32,2r_static,static,2,round-robin,104,509.61201923076925,984.9786538461539,2354.7611086538463,3.423076923076923,0.8010212988826816
4,32,2r_static,static,2,round-robin-sw,104,7.626153846153846,1400.5767307692308,1838.2343461538462,0.22115384615384615,0.7974850510024621
4,64,2r_static,static,2,aoi-normalized,208,22.460240384615386,1352.5828365384616,1808.5628625,0.5,0.7992291799109981
4,64,2r_static,static,2,aoi-pure,208,1088.2319711538462,1249.54625,6986.580407211539,1.5240384615384615,0.8009529532967034
4,64,2r_static,static,2,max-weight-drift,208,50.15802884615385,1287.2407692307693,1777.0101451923076,1.2307692307692308,0.8008792009156175
4,64,2r_static,static,2,max-weight-drift,208,50.15802884615385,1287.2407692307693,1777.0101451923076,1.2307692307692308,0.8008792009156175
4,64,2r_static,static,2,max-weight-sw,208,9.988365384615385,1398.0082692307692,1837.1035182692308,0.09134615384615384,0.7911917098445596
4,64,2r_static,static,2,pf-classic,208,569.8671634615384,1147.4639903846155,3459.307306730769,1.7548076923076923,0.8005364017822382
4,64,2r_static,static,2,pf-classic,208,569.8671634615384,1147.4639903846155,3459.307306730769,1.7548076923076923,0.8005364017822382
4,64,2r_static,static,2,pf-classic-sw,208,18.470961538461538,1397.2734615384616,1838.72463125,0.24519230769230768,0.8005883857764134
4,64,2r_static,static,2,risk-aware,208,721.8779807692308,1260.3228365384616,4592.038662019231,1.5192307692307692,0.8007599501953544
4,64,2r_static,static,2,round-robin,208,842.0675480769231,1335.2215865384615,5402.412788461538,1.7403846153846154,0.8008900928792569
4,64,2r_static,static,2,round-robin,208,842.0675480769231,1335.2215865384615,5402.412788461538,1.7403846153846154,0.8008900928792569
4,64,2r_static,static,2,round-robin-sw,208,14.750192307692307,1400.6197596153845,1840.4257274038462,0.02403846153846154,0.8006510751306434
8,2,2r_static,static,2,aoi-normalized,6,100.42166666666667,181.23,425.88738333333333,22,0.8050155987520998
8,2,2r_static,static,2,aoi-pure,6,100.42166666666667,181.23,425.88738333333333,22,0.8050155987520998
8,2,2r_static,static,2,max-weight-drift,6,95.60333333333334,181.25,425.9377,22,0.80484586781816
8,2,2r_static,static,2,max-weight-drift,6,95.60333333333334,181.25,425.9377,22,0.80484586781816
8,2,2r_static,static,2,max-weight-sw,6,44.638333333333335,183.225,429.20003333333335,21.833333333333332,0.8049238978836941
8,2,2r_static,static,2,pf-classic,6,100.42166666666667,181.23,425.88738333333333,22,0.8050155987520998
8,2,2r_static,static,2,pf-classic,6,100.42166666666667,181.23,425.88738333333333,22,0.8050155987520998
8,2,2r_static,static,2,pf-classic-sw,6,1.9033333333333333,349.0783333333333,769.4071333333334,11,0.8006411778674899
8,2,2r_static,static,2,risk-aware,6,100.42166666666667,181.23,425.88738333333333,22,0.8050155987520998
8,2,2r_static,static,2,round-robin,6,100.42166666666667,181.23,425.88738333333333,22,0.8050155987520998
8,2,2r_static,static,2,round-robin,6,100.42166666666667,181.23,425.88738333333333,22,0.8050155987520998
8,2,2r_static,static,2,round-robin-sw,6,1.2416666666666667,1401,1838.6974333333333,0,0
8,4,2r_static,static,2,aoi-normalized,12,92.71833333333333,181.75083333333333,427.964825,22,0.802615790736741
8,4,2r_static,static,2,aoi-pure,12,92.71833333333333,181.75083333333333,427.964825,22,0.802615790736741
8,4,2r_static,static,2,max-weight-drift,12,105.215,181.65416666666667,428.322525,22,0.802956699052417
8,4,2r_static,static,2,max-weight-drift,12,105.215,181.65416666666667,428.322525,22,0.802956699052417
8,4,2r_static,static,2,max-weight-sw,12,54.56166666666667,183.16083333333333,428.78974999999997,21.75,0.8026530983100127
8,4,2r_static,static,2,pf-classic,12,92.71833333333333,181.75083333333333,427.964825,22,0.802615790736741
8,4,2r_static,static,2,pf-classic,12,92.71833333333333,181.75083333333333,427.964825,22,0.802615790736741
8,4,2r_static,static,2,pf-classic-sw,12,1.915,348.5108333333333,769.3949,11,0.8038106579339089
8,4,2r_static,static,2,risk-aware,12,92.71833333333333,181.75083333333333,427.964825,22,0.802615790736741
8,4,2r_static,static,2,round-robin,12,92.71833333333333,181.75083333333333,427.964825,22,0.802615790736741
8,4,2r_static,static,2,round-robin,12,92.71833333333333,181.75083333333333,427.964825,22,0.802615790736741
8,4,2r_static,static,2,round-robin-sw,12,1.2425,1401,1838.6974500000001,0,0
8,8,2r_static,static,2,aoi-normalized,26,73.21730769230768,185.78692307692307,431.65538076923076,21.26923076923077,0.7990775275460524
8,8,2r_static,static,2,aoi-pure,26,88.01423076923076,182.6380769230769,429.5711615384615,21.76923076923077,0.799961205941033
8,8,2r_static,static,2,max-weight-drift,26,69.07153846153847,182.8926923076923,429.25744615384616,21.807692307692307,0.8001664470490325
8,8,2r_static,static,2,max-weight-drift,26,69.07153846153847,182.8926923076923,429.25744615384616,21.807692307692307,0.8001664470490325
8,8,2r_static,static,2,max-weight-sw,26,51.33038461538462,184.70923076923077,431.37646538461536,21.307692307692307,0.7996763298620884
8,8,2r_static,static,2,pf-classic,26,66.58692307692307,189.76038461538462,444.6429807692308,20.96153846153846,0.7993841372165305
8,8,2r_static,static,2,pf-classic,26,66.58692307692307,189.76038461538462,444.6429807692308,20.96153846153846,0.7993841372165305
8,8,2r_static,static,2,pf-classic-sw,26,1.9288461538461539,350.485,772.9375730769231,10.961538461538462,0.8013802205053476
8,8,2r_static,static,2,risk-aware,26,88.22384615384615,182.52807692307692,429.36152307692305,21.807692307692307,0.7999473509199734
8,8,2r_static,static,2,round-robin,26,91.93884615384616,182.65346153846153,430.1796192307692,21.846153846153847,0.7999279818292615
8,8,2r_static,static,2,round-robin,26,91.93884615384616,182.65346153846153,430.1796192307692,21.846153846153847,0.7999279818292615
8,8,2r_static,static,2,round-robin-sw,26,4.734230769230769,1223.5561538461538,1703.3222076923078,1.6153846153846154,0.8043271193359641
8,16,2r_static,static,2,aoi-normalized,52,35.26538461538462,346.8921153846154,784.121875,10.211538461538462,0.7998104818135433
8,16,2r_static,static,2,aoi-pure,52,168.1469230769231,295.48115384615386,712.3456903846154,12.557692307692308,0.7995325422509888
8,16,2r_static,static,2,max-weight-drift,52,53.97730769230769,302.5644230769231,687.285675,12.115384615384615,0.7994794530591297
8,16,2r_static,static,2,max-weight-drift,52,53.97730769230769,302.5644230769231,687.285675,12.115384615384615,0.7994794530591297
8,16,2r_static,static,2,max-weight-sw,52,46.175192307692306,511.09096153846156,833.0553346153846,11.865384615384615,0.7995580110497238
8,16,2r_static,static,2,pf-classic,52,65.73576923076924,328.2771153846154,735.7282942307692,12.48076923076923,0.7999319082707133
8,16,2r_static,static,2,pf-classic,52,65.73576923076924,328.2771153846154,735.7282942307692,12.48076923076923,0.7999319082707133
8,16,2r_static,static,2,pf-classic-sw,52,2.8801923076923077,600.2021153846154,1160.4591173076924,5.903846153846154,0.7981306633053488
8,16,2r_static,static,2,risk-aware,52,170.8551923076923,298.6875,699.1368884615384,12.576923076923077,0.799621293832842
8,16,2r_static,static,2,round-robin,52,160.68115384615385,318.2203846153846,746.4179673076923,12.461538461538462,0.7996374941482913
8,16,2r_static,static,2,round-robin,52,160.68115384615385,318.2203846153846,746.4179673076923,12.461538461538462,0.7996374941482913
8,16,2r_static,static,2,round-robin-sw,52,2.1909615384615386,1392.3759615384615,1832.2292288461538,1.0961538461538463,0.8002543181095687
8,32,2r_static,static,2,aoi-normalized,104,22.539134615384615,569.8467307692308,1159.8620490384615,5.0576923076923075,0.7988974970202622
8,32,2r_static,static,2,aoi-pure,104,331.93115384615385,493.5422115384615,1414.833078846154,6.509615384615385,0.7998585414047064
8,32,2r_static,static,2,max-weight-drift,104,41.86432692307692,510.20990384615385,1081.9403884615385,6.25,0.7994733908175489
8,32,2r_static,static,2,max-weight-drift,104,41.86432692307692,510.20990384615385,1081.9403884615385,6.25,0.7994733908175489
8,32,2r_static,static,2,max-weight-sw,104,31.703846153846154,974.4247115384616,1419.3152509615384,6.048076923076923,0.7998812926982897
8,32,2r_static,static,2,pf-classic,104,165.1748076923077,523.9324038461539,1129.505298076923,6.6826923076923075,0.79967131361215
8,32,2r_static,static,2,pf-classic,104,165.1748076923077,523.9324038461539,1129.505298076923,6.6826923076923075,0.79967131361215
8,32,2r_static,static,2,pf-classic-sw,104,5.060288461538462,1024.590576923077,1553.5875442307693,2.8173076923076925,0.8013949745148887
8,32,2r_static,static,2,risk-aware,104,321.85740384615383,496.9525961538462,1362.586123076923,6.548076923076923,0.7999348724398132
8,32,2r_static,static,2,round-robin,104,293.8640384615385,585.9672115384616,1456.5750990384615,6.653846153846154,0.7999054618302139
8,32,2r_static,static,2,round-robin,104,293.8640384615385,585.9672115384616,1456.5750990384615,6.653846153846154,0.7999054618302139
8,32,2r_static,static,2,round-robin-sw,104,3.9267307692307694,1398.0706730769232,1836.0140692307693,0.20192307692307693,0.7960072595281307
8,64,2r_static,static,2,aoi-normalized,208,24.448942307692306,874.5760096153846,1455.98161875,2.4471153846153846,0.8007260250892214
8,64,2r_static,static,2,aoi-pure,208,565.0975961538461,725.8690865384615,3283.755325480769,3.125,0.7999128445364418
8,64,2r_static,static,2,max-weight-drift,208,40.27139423076923,744.9295673076923,1361.402589903846,2.9038461538461537,0.799928004865878
8,64,2r_static,static,2,max-weight-drift,208,40.27139423076923,744.9295673076923,1361.402589903846,2.9038461538461537,0.799928004865878
8,64,2r_static,static,2,max-weight-sw,208,18.270865384615384,1326.6654807692307,1771.7785721153846,2.389423076923077,0.799402019268268
8,64,2r_static,static,2,pf-classic,208,396.4368269230769,750.5720192307692,2236.8145673076924,3.4663461538461537,0.8002351209114781
8,64,2r_static,static,2,pf-classic,208,396.4368269230769,750.5720192307692,2236.8145673076924,3.4663461538461537,0.8002351209114781
8,64,2r_static,static,2,pf-classic-sw,208,9.530625,1354.391298076923,1804.5207903846153,1.3125,0.7994978789715176
8,64,2r_static,static,2,risk-aware,208,456.54658653846155,738.1717307692307,2625.5250875,3.144230769230769,0.8001133737408974
8,64,2r_static,static,2,round-robin,208,515.3324038461539,995.2635096153846,3246.6327634615386,3.4086538461538463,0.7998319382755121
8,64,2r_static,static,2,round-robin,208,515.3324038461539,995.2635096153846,3246.6327634615386,3.4086538461538463,0.7998319382755121
8,64,2r_static,static,2,round-robin-sw,208,6.665721153846154,1400.6244711538461,1838.5287634615383,0.009615384615384616,0.7928426976171634
16,2,2r_static,static,2,aoi-normalized,6,100.42166666666667,181.23,425.88738333333333,22,0.8050155987520998
16,2,2r_static,static,2,aoi-pure,6,100.42166666666667,181.23,425.88738333333333,22,0.8050155987520998
16,2,2r_static,static,2,max-weight-drift,6,95.60333333333334,181.25,425.9377,22,0.80484586781816
16,2,2r_static,static,2,max-weight-drift,6,95.60333333333334,181.25,425.9377,22,0.80484586781816
16,2,2r_static,static,2,max-weight-sw,6,39.13166666666667,184.45666666666665,431.9555833333333,21.5,0.8046460581671849
16,2,2r_static,static,2,pf-classic,6,100.42166666666667,181.23,425.88738333333333,22,0.8050155987520998
16,2,2r_static,static,2,pf-classic,6,100.42166666666667,181.23,425.88738333333333,22,0.8050155987520998
16,2,2r_static,static,2,pf-classic-sw,6,1.9033333333333333,349.0783333333333,769.4071333333334,11,0.8006411778674899
16,2,2r_static,static,2,risk-aware,6,100.42166666666667,181.23,425.88738333333333,22,0.8050155987520998
16,2,2r_static,static,2,round-robin,6,100.42166666666667,181.23,425.88738333333333,22,0.8050155987520998
16,2,2r_static,static,2,round-robin,6,100.42166666666667,181.23,425.88738333333333,22,0.8050155987520998
16,2,2r_static,static,2,round-robin-sw,6,1.2416666666666667,1401,1838.6974333333333,0,0
16,4,2r_static,static,2,aoi-normalized,12,92.71833333333333,181.75083333333333,427.964825,22,0.802615790736741
16,4,2r_static,static,2,aoi-pure,12,92.71833333333333,181.75083333333333,427.964825,22,0.802615790736741
16,4,2r_static,static,2,max-weight-drift,12,105.215,181.65416666666667,428.322525,22,0.802956699052417
16,4,2r_static,static,2,max-weight-drift,12,105.215,181.65416666666667,428.322525,22,0.802956699052417
16,4,2r_static,static,2,max-weight-sw,12,65.7025,182.6225,428.15015,21.75,0.8028177512293722
16,4,2r_static,static,2,pf-classic,12,92.71833333333333,181.75083333333333,427.964825,22,0.802615790736741
16,4,2r_static,static,2,pf-classic,12,92.71833333333333,181.75083333333333,427.964825,22,0.802615790736741
16,4,2r_static,static,2,pf-classic-sw,12,1.915,348.5108333333333,769.3949,11,0.8038106579339089
16,4,2r_static,static,2,risk-aware,12,92.71833333333333,181.75083333333333,427.964825,22,0.802615790736741
16,4,2r_static,static,2,round-robin,12,92.71833333333333,181.75083333333333,427.964825,22,0.802615790736741
16,4,2r_static,static,2,round-robin,12,92.71833333333333,181.75083333333333,427.964825,22,0.802615790736741
16,4,2r_static,static,2,round-robin-sw,12,1.2425,1401,1838.6974500000001,0,0
16,8,2r_static,static,2,aoi-normalized,26,102.83923076923077,182.42576923076922,431.48226153846156,21.884615384615383,0.8002381249048193
16,8,2r_static,static,2,aoi-pure,26,102.83923076923077,182.42576923076922,431.48226153846156,21.884615384615383,0.8002381249048193
16,8,2r_static,static,2,max-weight-drift,26,98.33153846153846,182.42307692307693,430.8132769230769,21.884615384615383,0.8001162517126368
16,8,2r_static,static,2,max-weight-drift,26,98.33153846153846,182.42307692307693,430.8132769230769,21.884615384615383,0.8001162517126368
16,8,2r_static,static,2,max-weight-sw,26,79.26307692307692,183.46653846153848,430.1186423076923,21.615384615384617,0.7997517641480489
16,8,2r_static,static,2,pf-classic,26,102.83923076923077,182.42576923076922,431.48226153846156,21.884615384615383,0.8002381249048193
16,8,2r_static,static,2,pf-classic,26,102.83923076923077,182.42576923076922,431.48226153846156,21.884615384615383,0.8002381249048193
16,8,2r_static,static,2,pf-classic-sw,26,1.9257692307692307,351.0369230769231,773.7421692307693,10.961538461538462,0.7985731924818219
16,8,2r_static,static,2,risk-aware,26,102.83923076923077,182.42576923076922,431.48226153846156,21.884615384615383,0.8002381249048193
16,8,2r_static,static,2,round-robin,26,102.83923076923077,182.42576923076922,431.48226153846156,21.884615384615383,0.8002381249048193
16,8,2r_static,static,2,round-robin,26,102.83923076923077,182.42576923076922,431.48226153846156,21.884615384615383,0.8002381249048193
16,8,2r_static,static,2,round-robin-sw,26,1.2507692307692309,1401,1838.6974615384615,0,0
16,16,2r_static,static,2,aoi-normalized,52,76.80403846153847,185.31884615384615,434.7345384615385,21.28846153846154,0.8006912442396313
16,16,2r_static,static,2,aoi-pure,52,89.09173076923076,182.515,435.38522884615384,21.96153846153846,0.8005016560191793
16,16,2r_static,static,2,max-weight-drift,52,71.40903846153846,182.61673076923077,431.42676153846156,21.807692307692307,0.8003868847457862
16,16,2r_static,static,2,max-weight-drift,52,71.40903846153846,182.61673076923077,431.42676153846156,21.807692307692307,0.8003868847457862
16,16,2r_static,static,2,max-weight-sw,52,58.450384615384614,184.35961538461538,432.7171153846154,21.326923076923077,0.8005331120238565
16,16,2r_static,static,2,pf-classic,52,69.07961538461538,189.41961538461538,446.56842307692307,21,0.8005105342633206
16,16,2r_static,static,2,pf-classic,52,69.07961538461538,189.41961538461538,446.56842307692307,21,0.8005105342633206
16,16,2r_static,static,2,pf-classic-sw,52,1.921153846153846,350.8521153846154,773.2111307692307,10.923076923076923,0.7991929839008524
16,16,2r_static,static,2,risk-aware,52,91.41615384615385,182.5625,435.9185076923077,21.846153846153847,0.8005515406414778
16,16,2r_static,static,2,round-robin,52,93.88326923076923,182.37634615384616,437.0581403846154,21.884615384615383,0.8005458046462659
16,16,2r_static,static,2,round-robin,52,93.88326923076923,182.37634615384616,437.0581403846154,21.884615384615383,0.8005458046462659
16,16,2r_static,static,2,round-robin-sw,52,1.3042307692307693,1400.8509615384617,1838.5011826923078,0.5769230769230769,0.7973745173745174
16,32,2r_static,static,2,aoi-normalized,104,34.66346153846154,349.7280769230769,797.6437634615385,10.038461538461538,0.8003199523791807
16,32,2r_static,static,2,aoi-pure,104,166.6935576923077,294.71259615384616,764.579373076923,12.5,0.8004279497968138
16,32,2r_static,static,2,max-weight-drift,104,49.839423076923076,305.6243269230769,701.1288471153846,12.009615384615385,0.8003753499676953
16,32,2r_static,static,2,max-weight-drift,104,49.839423076923076,305.6243269230769,701.1288471153846,12.009615384615385,0.8003753499676953
16,32,2r_static,static,2,max-weight-sw,104,45.85346153846154,514.4968269230769,839.6427336538461,11.89423076923077,0.8003266388737099
16,32,2r_static,static,2,pf-classic,104,66.06192307692308,328.71903846153845,746.0240875,12.471153846153847,0.800499389432628
16,32,2r_static,static,2,pf-classic,104,66.06192307692308,328.71903846153845,746.0240875,12.471153846153847,0.800499389432628
16,32,2r_static,static,2,pf-classic-sw,104,2.874807692307692,599.6116346153846,1159.3013394230768,5.884615384615385,0.7996621179493891
16,32,2r_static,static,2,risk-aware,104,165.75144230769232,297.93201923076924,749.1366221153846,12.596153846153847,0.8004219940417319
16,32,2r_static,static,2,round-robin,104,160.7330769230769,317.81778846153844,804.3972375,12.538461538461538,0.8003457839570651
16,32,2r_static,static,2,round-robin,104,160.7330769230769,317.81778846153844,804.3972375,12.538461538461538,0.8003457839570651
16,32,2r_static,static,2,round-robin-sw,104,2.189423076923077,1399.1915384615384,1837.1586942307692,0.0673076923076923,0.797545368719186
16,64,2r_static,static,2,aoi-normalized,208,21.518653846153846,606.5248557692307,1201.3924086538461,4.947115384615385,0.8006088280060882
16,64,2r_static,static,2,aoi-pure,208,331.64144230769233,493.72846153846154,1805.0975942307693,6.519230769230769,0.8003166280238257
16,64,2r_static,static,2,max-weight-drift,208,36.74846153846154,514.7636057692308,1094.453904326923,5.985576923076923,0.8008125397932269
16,64,2r_static,static,2,max-weight-drift,208,36.74846153846154,514.7636057692308,1094.453904326923,5.985576923076923,0.8008125397932269
16,64,2r_static,static,2,max-weight-sw,208,31.800673076923076,980.0544711538462,1430.0501692307691,6.086538461538462,0.8002577553502387
16,64,2r_static,static,2,pf-classic,208,162.70490384615385,521.685576923077,1222.3415961538462,6.6923076923076925,0.8004105774738144
16,64,2r_static,static,2,pf-classic,208,162.70490384615385,521.685576923077,1222.3415961538462,6.6923076923076925,0.8004105774738144
16,64,2r_static,static,2,pf-classic-sw,208,5.047980769230769,1024.2588461538462,1553.4315663461539,2.798076923076923,0.8000446328944432
16,64,2r_static,static,2,risk-aware,208,309.4316346153846,497.3154326923077,1666.1709697115384,6.6201923076923075,0.8003607025271651
16,64,2r_static,static,2,round-robin,208,290.30259615384614,585.2587980769231,1781.3369197115385,6.658653846153846,0.8003242549454509
16,64,2r_static,static,2,round-robin,208,290.30259615384614,585.2587980769231,1781.3369197115385,6.658653846153846,0.8003242549454509
16,64,2r_static,static,2,round-robin-sw,208,3.765625,1398.7061057692308,1836.4543288461539,0.02403846153846154,0.7995712754555199
32,2,2r_static,static,2,aoi-normalized,6,100.42166666666667,181.23,425.88738333333333,22,0.8050155987520998
32,2,2r_static,static,2,aoi-pure,6,100.42166666666667,181.23,425.88738333333333,22,0.8050155987520998
32,2,2r_static,static,2,max-weight-drift,6,95.60333333333334,181.25,425.9377,22,0.80484586781816
32,2,2r_static,static,2,max-weight-drift,6,95.60333333333334,181.25,425.9377,22,0.80484586781816
32,2,2r_static,static,2,max-weight-sw,6,33.535,186.60500000000002,437.15341666666666,21,0.8040644882327507
32,2,2r_static,static,2,pf-classic,6,100.42166666666667,181.23,425.88738333333333,22,0.8050155987520998
32,2,2r_static,static,2,pf-classic,6,100.42166666666667,181.23,425.88738333333333,22,0.8050155987520998
32,2,2r_static,static,2,pf-classic-sw,6,1.9033333333333333,349.0783333333333,769.4071333333334,11,0.8006411778674899
32,2,2r_static,static,2,risk-aware,6,100.42166666666667,181.23,425.88738333333333,22,0.8050155987520998
32,2,2r_static,static,2,round-robin,6,100.42166666666667,181.23,425.88738333333333,22,0.8050155987520998
32,2,2r_static,static,2,round-robin,6,100.42166666666667,181.23,425.88738333333333,22,0.8050155987520998
32,2,2r_static,static,2,round-robin-sw,6,1.2416666666666667,1401,1838.6974333333333,0,0
32,4,2r_static,static,2,aoi-normalized,12,92.71833333333333,181.75083333333333,427.964825,22,0.802615790736741
32,4,2r_static,static,2,aoi-pure,12,92.71833333333333,181.75083333333333,427.964825,22,0.802615790736741
32,4,2r_static,static,2,max-weight-drift,12,105.215,181.65416666666667,428.322525,22,0.802956699052417
32,4,2r_static,static,2,max-weight-drift,12,105.215,181.65416666666667,428.322525,22,0.802956699052417
32,4,2r_static,static,2,max-weight-sw,12,90.97,182.06333333333333,427.6224666666667,21.833333333333332,0.8025374301004149
32,4,2r_static,static,2,pf-classic,12,92.71833333333333,181.75083333333333,427.964825,22,0.802615790736741
32,4,2r_static,static,2,pf-classic,12,92.71833333333333,181.75083333333333,427.964825,22,0.802615790736741
32,4,2r_static,static,2,pf-classic-sw,12,1.915,348.5108333333333,769.3949,11,0.8038106579339089
32,4,2r_static,static,2,risk-aware,12,92.71833333333333,181.75083333333333,427.964825,22,0.802615790736741
32,4,2r_static,static,2,round-robin,12,92.71833333333333,181.75083333333333,427.964825,22,0.802615790736741
32,4,2r_static,static,2,round-robin,12,92.71833333333333,181.75083333333333,427.964825,22,0.802615790736741
32,4,2r_static,static,2,round-robin-sw,12,1.2425,1401,1838.6974500000001,0,0
32,8,2r_static,static,2,aoi-normalized,26,102.83923076923077,182.42576923076922,431.48226153846156,21.884615384615383,0.8002381249048193
32,8,2r_static,static,2,aoi-pure,26,102.83923076923077,182.42576923076922,431.48226153846156,21.884615384615383,0.8002381249048193
32,8,2r_static,static,2,max-weight-drift,26,98.33153846153846,182.42307692307693,430.8132769230769,21.884615384615383,0.8001162517126368
32,8,2r_static,static,2,max-weight-drift,26,98.33153846153846,182.42307692307693,430.8132769230769,21.884615384615383,0.8001162517126368
32,8,2r_static,static,2,max-weight-sw,26,133.99923076923076,182.6203846153846,435.09414615384617,21.76923076923077,0.7997116557613397
32,8,2r_static,static,2,pf-classic,26,102.83923076923077,182.42576923076922,431.48226153846156,21.884615384615383,0.8002381249048193
32,8,2r_static,static,2,pf-classic,26,102.83923076923077,182.42576923076922,431.48226153846156,21.884615384615383,0.8002381249048193
32,8,2r_static,static,2,pf-classic-sw,26,1.9257692307692307,351.0369230769231,773.7421692307693,10.961538461538462,0.7985731924818219
32,8,2r_static,static,2,risk-aware,26,102.83923076923077,182.42576923076922,431.48226153846156,21.884615384615383,0.8002381249048193
32,8,2r_static,static,2,round-robin,26,102.83923076923077,182.42576923076922,431.48226153846156,21.884615384615383,0.8002381249048193
32,8,2r_static,static,2,round-robin,26,102.83923076923077,182.42576923076922,431.48226153846156,21.884615384615383,0.8002381249048193
32,8,2r_static,static,2,round-robin-sw,26,1.2507692307692309,1401,1838.6974615384615,0,0
32,16,2r_static,static,2,aoi-normalized,52,94.33461538461539,182.35057692307691,437.415925,21.903846153846153,0.8005150143290277
32,16,2r_static,static,2,aoi-pure,52,94.33461538461539,182.35057692307691,437.415925,21.903846153846153,0.8005150143290277
32,16,2r_static,static,2,max-weight-drift,52,95.60826923076922,182.3223076923077,438.3780711538462,21.903846153846153,0.800476078442227
32,16,2r_static,static,2,max-weight-drift,52,95.60826923076922,182.3223076923077,438.3780711538462,21.903846153846153,0.800476078442227
32,16,2r_static,static,2,max-weight-sw,52,104.86557692307693,182.95903846153846,442.0311826923077,21.653846153846153,0.8004945150618143
32,16,2r_static,static,2,pf-classic,52,94.33461538461539,182.35057692307691,437.415925,21.903846153846153,0.8005150143290277
32,16,2r_static,static,2,pf-classic,52,94.33461538461539,182.35057692307691,437.415925,21.903846153846153,0.8005150143290277
32,16,2r_static,static,2,pf-classic-sw,52,1.923076923076923,350.3705769230769,772.3689384615385,10.961538461538462,0.8004614243730945
32,16,2r_static,static,2,risk-aware,52,94.33461538461539,182.35057692307691,437.415925,21.903846153846153,0.8005150143290277
32,16,2r_static,static,2,round-robin,52,94.33461538461539,182.35057692307691,437.415925,21.903846153846153,0.8005150143290277
32,16,2r_static,static,2,round-robin,52,94.33461538461539,182.35057692307691,437.415925,21.903846153846153,0.8005150143290277
32,16,2r_static,static,2,round-robin-sw,52,1.2498076923076924,1401,1838.6974634615385,0,0
32,32,2r_static,static,2,aoi-normalized,104,83.49096153846153,185.1380769230769,452.61494423076925,21.259615384615383,0.8000227150117835
32,32,2r_static,static,2,aoi-pure,104,94.83019230769231,182.62865384615384,456.94141442307694,21.846153846153847,0.8000187209435355
32,32,2r_static,static,2,max-weight-drift,104,74.97586538461539,182.86653846153845,445.783125,21.798076923076923,0.7998959417273673
32,32,2r_static,static,2,max-weight-drift,104,74.97586538461539,182.86653846153845,445.783125,21.798076923076923,0.7998959417273673
32,32,2r_static,static,2,max-weight-sw,104,66.31875,184.46057692307693,445.14294615384614,21.28846153846154,0.8001315248086033
32,32,2r_static,static,2,pf-classic,104,70.12336538461538,189.46211538461537,458.32039326923075,20.98076923076923,0.7999237873379133
32,32,2r_static,static,2,pf-classic,104,70.12336538461538,189.46211538461537,458.32039326923075,20.98076923076923,0.7999237873379133
32,32,2r_static,static,2,pf-classic-sw,104,1.9244230769230768,350.83326923076925,773.35725,10.971153846153847,0.7996017304126897
32,32,2r_static,static,2,risk-aware,104,93.13471153846154,182.77894230769232,456.62996057692305,21.865384615384617,0.7999091615122181
32,32,2r_static,static,2,round-robin,104,91.18057692307693,182.65730769230768,456.2372875,21.884615384615383,0.7998156675640746
32,32,2r_static,static,2,round-robin,104,91.18057692307693,182.65730769230768,456.2372875,21.884615384615383,0.7998156675640746
32,32,2r_static,static,2,round-robin-sw,104,2.120576923076923,1396.6497115384616,1834.6848528846153,0.057692307692307696,0.7993787942962022
32,64,2r_static,static,2,aoi-normalized,208,33.65754807692308,354.08524038461536,816.3240408653846,9.913461538461538,0.7997152981566698
32,64,2r_static,static,2,aoi-pure,208,167.32009615384615,295.1705769230769,876.583154326923,12.557692307692308,0.7997391969063358
32,64,2r_static,static,2,max-weight-drift,208,47.449375,323.16153846153844,738.0745072115385,11.850961538461538,0.7999310974133597
32,64,2r_static,static,2,max-weight-drift,208,47.449375,323.16153846153844,738.0745072115385,11.850961538461538,0.7999310974133597
32,64,2r_static,static,2,max-weight-sw,208,46.71216346153846,515.9970192307692,853.0531278846154,11.932692307692308,0.7996261292094996
32,64,2r_static,static,2,pf-classic,208,65.68009615384615,328.09283653846154,765.3225557692308,12.490384615384615,0.7998378220780641
32,64,2r_static,static,2,pf-classic,208,65.68009615384615,328.09283653846154,765.3225557692308,12.490384615384615,0.7998378220780641
32,64,2r_static,static,2,pf-classic-sw,208,2.8727884615384616,599.4510096153846,1159.3196490384616,5.913461538461538,0.8003942447414183
32,64,2r_static,static,2,risk-aware,208,162.67211538461538,298.1112019230769,852.5009769230769,12.567307692307692,0.7997642662411862
32,64,2r_static,static,2,round-robin,208,166.48091346153845,318.4848076923077,938.9829038461538,12.490384615384615,0.7998288159771755
32,64,2r_static,static,2,round-robin,208,166.48091346153845,318.4848076923077,938.9829038461538,12.490384615384615,0.7998288159771755
32,64,2r_static,static,2,round-robin-sw,208,1.9857211538461539,1400.3146153846153,1838.0025173076924,0.009615384615384616,0.8065511007125385
