K,C,scenario,routing_mode,num_routes,policy,n_drones,mean_h1,mean_h2,mean_risk,frames_per_drone,channel_util
1,2,1r_astar,risk_astar,1,aoi-normalized,3,59.78,279.6333333333333,634.9839666666667,14,0.8049933799886514
1,2,1r_astar,risk_astar,1,aoi-pure,3,154.51,262.58,608.4471666666667,14.666666666666666,0.805470577649811
1,2,1r_astar,risk_astar,1,max-weight-drift,3,98.17999999999999,263.5133333333333,609.2891000000001,14.666666666666666,0.8065739570164349
1,2,1r_astar,risk_astar,1,pf-classic,3,64.41,292.4766666666667,653.1713666666667,14.333333333333334,0.8063616071428571
1,2,1r_astar,risk_astar,1,risk-aware,3,163.66666666666666,265.79999999999995,607.3091333333333,14.666666666666666,0.8049613517886033
1,2,1r_astar,risk_astar,1,round-robin,3,124.91,287.3566666666667,639.5609666666667,14.666666666666666,0.8050755939524838
1,4,1r_astar,risk_astar,1,aoi-normalized,7,62.01857142857143,466.95428571428573,1012.3051142857142,7.285714285714286,0.8039008164499546
1,4,1r_astar,risk_astar,1,aoi-pure,7,313.89285714285717,463.1485714285714,1029.8831285714286,7.714285714285714,0.8040540540540541
1,4,1r_astar,risk_astar,1,max-weight-drift,7,66.88571428571429,470.31857142857143,1016.1052285714286,7.714285714285714,0.8042553191489362
1,4,1r_astar,risk_astar,1,pf-classic,7,144.97,519.1271428571429,1036.2261571428571,7.714285714285714,0.8042746303615869
1,4,1r_astar,risk_astar,1,risk-aware,7,309.81142857142856,475.85857142857145,1019.2854285714286,7.714285714285714,0.8041978148361127
1,4,1r_astar,risk_astar,1,round-robin,7,242.29714285714286,537.4185714285715,1082.5328857142858,7.857142857142857,0.8038594470046083
1,8,1r_astar,risk_astar,1,aoi-normalized,14,64.66357142857143,705.7964285714286,1303.5892,3.7857142857142856,0.8040282269920611
1,8,1r_astar,risk_astar,1,aoi-pure,14,558.7692857142857,686.0264285714286,1480.8263571428572,3.857142857142857,0.8046276013143483
1,8,1r_astar,risk_astar,1,max-weight-drift,14,69.20714285714286,693.7378571428571,1296.5032285714285,3.7857142857142856,0.8036529680365296
1,8,1r_astar,risk_astar,1,pf-classic,14,363.355,730.965,1358.425457142857,4.142857142857143,0.8057633693543917
1,8,1r_astar,risk_astar,1,risk-aware,14,522.2792857142857,690.3214285714286,1456.643692857143,3.857142857142857,0.8044371405094495
1,8,1r_astar,risk_astar,1,round-robin,14,514.3542857142857,901.1828571428572,1632.2772214285715,4.142857142857143,0.8049382716049382
1,16,1r_astar,risk_astar,1,aoi-normalized,28,62.45321428571428,1206.902857142857,1701.03685,1.5714285714285714,0.8051232166018158
1,16,1r_astar,risk_astar,1,aoi-pure,28,946.1578571428571,1101.6525,2547.3840785714287,2,0.8047606311848088
1,16,1r_astar,risk_astar,1,max-weight-drift,28,73.28714285714285,1155.1932142857142,1663.8913071428572,1.8214285714285714,0.8044269695645843
1,16,1r_astar,risk_astar,1,pf-classic,28,561.4125,1109.7167857142856,2030.0932464285715,2.107142857142857,0.8042599083310865
1,16,1r_astar,risk_astar,1,risk-aware,28,839.9496428571429,1136.5767857142857,2424.5398714285716,1.9285714285714286,0.8048421615837347
1,16,1r_astar,risk_astar,1,round-robin,28,736.9753571428571,1290.4667857142856,2387.2261357142856,2.107142857142857,0.8042604501607717
1,32,1r_astar,risk_astar,1,aoi-normalized,56,21.653214285714284,1401,1839.5048732142857,0,0.8016627078384798
1,32,1r_astar,risk_astar,1,aoi-pure,56,1206.2278571428571,1301.2469642857143,4526.734630357143,0.5535714285714286,0.8041661138383972
1,32,1r_astar,risk_astar,1,max-weight-drift,56,59.36642857142857,1317.8585714285714,1790.4085589285714,0.44642857142857145,0.8066825775656324
1,32,1r_astar,risk_astar,1,pf-classic,56,849.2566071428571,1330.3333928571428,3524.731464285714,1.0714285714285714,0.8046573519627411
1,32,1r_astar,risk_astar,1,risk-aware,56,849.8078571428572,1302.32125,3484.9533214285716,0.5535714285714286,0.8041948758794637
1,32,1r_astar,risk_astar,1,round-robin,56,961.1210714285714,1400.411607142857,3838.097217857143,1,0.8038670374784797
1,62,1r_astar,risk_astar,1,aoi-normalized,108,31.846666666666668,1401,1846.7434222222223,0,0.798581560283688
1,62,1r_astar,risk_astar,1,aoi-pure,108,1301.1149074074074,1354.2693518518518,7795.43827037037,0.24074074074074073,0.8040288153681964
1,62,1r_astar,risk_astar,1,max-weight-drift,108,37.915277777777774,1387.275648148148,1839.9835453703704,0.08333333333333333,0.8010118043844857
1,62,1r_astar,risk_astar,1,pf-classic,108,1101.1910185185186,1370.7105555555556,6714.1001564814815,0.5555555555555556,0.8039994702688386
1,62,1r_astar,risk_astar,1,risk-aware,108,806.7244444444444,1354.605925925926,5005.540035185185,0.24074074074074073,0.8039503536634192
1,62,1r_astar,risk_astar,1,round-robin,108,1245.1812962962963,1400.8462037037036,7411.053352777778,0.3148148148148148,0.8042524916943522
2,2,1r_astar,risk_astar,1,aoi-normalized,3,72.94333333333333,183.85333333333332,427.1657333333333,21.333333333333332,0.8052443678443925
2,2,1r_astar,risk_astar,1,aoi-pure,3,88.92,181.05333333333334,424.66876666666667,22,0.8038415366146459
2,2,1r_astar,risk_astar,1,max-weight-drift,3,75.68,181.24666666666667,425.06876666666665,22,0.8040134583032925
2,2,1r_astar,risk_astar,1,pf-classic,3,75.69666666666666,187.42666666666665,438.56620000000004,21,0.8049477871705619
2,2,1r_astar,risk_astar,1,risk-aware,3,88.92,181.05333333333334,424.66876666666667,22,0.8038415366146459
2,2,1r_astar,risk_astar,1,round-robin,3,88.78,181.06,424.70646666666664,22,0.8035521420856834
2,4,1r_astar,risk_astar,1,aoi-normalized,7,54.95428571428572,286.3014285714286,653.7801142857143,13.428571428571429,0.8088098263447692
2,4,1r_astar,risk_astar,1,aoi-pure,7,156.97857142857143,278.88,637.3377142857142,14,0.8072558734217676
2,4,1r_astar,risk_astar,1,max-weight-drift,7,64.28999999999999,281.00714285714287,639.9561,13.857142857142858,0.8068932195200516
2,4,1r_astar,risk_astar,1,pf-classic,7,63.371428571428574,302.5857142857143,679.9662285714286,13.857142857142858,0.806735709043464
2,4,1r_astar,risk_astar,1,risk-aware,7,162.88857142857142,277.1457142857143,624.0780142857143,14,0.8071086261980831
2,4,1r_astar,risk_astar,1,round-robin,7,138.73142857142858,293.25142857142856,655.5112285714285,14.142857142857142,0.8072
2,8,1r_astar,risk_astar,1,aoi-normalized,14,43.71285714285714,490.8178571428571,1045.2019285714287,7,0.803474657315907
2,8,1r_astar,risk_astar,1,aoi-pure,14,310.48785714285714,453.09714285714284,1042.8183785714286,7.857142857142857,0.8050481806414498
2,8,1r_astar,risk_astar,1,max-weight-drift,14,65.38857142857142,458.41214285714284,991.5527,7.571428571428571,0.8053311793214862
2,8,1r_astar,risk_astar,1,pf-classic,14,159.1942857142857,494.2657142857143,1009.3021285714286,7.785714285714286,0.8042766746672485
2,8,1r_astar,risk_astar,1,risk-aware,14,306.14,447.7107142857143,1009.4910142857143,7.857142857142857,0.8049464375584154
2,8,1r_astar,risk_astar,1,round-robin,14,243.75714285714287,529.325,1097.6374857142857,7.785714285714286,0.8042632867636469
2,16,1r_astar,risk_astar,1,aoi-normalized,28,47.02107142857143,741.8103571428571,1342.47835,3.392857142857143,0.8044566850275413
2,16,1r_astar,risk_astar,1,aoi-pure,28,541.9996428571428,691.445,1707.2318607142856,3.892857142857143,0.8031889413535893
2,16,1r_astar,risk_astar,1,max-weight-drift,28,65.45035714285714,698.3542857142858,1301.93165,3.8214285714285716,0.8036572248117605
2,16,1r_astar,risk_astar,1,pf-classic,28,349.4403571428571,725.5703571428571,1450.6222142857143,4.107142857142857,0.8038727524204703
2,16,1r_astar,risk_astar,1,risk-aware,28,491.5414285714286,699.9575,1642.8531071428572,3.892857142857143,0.8036154478225144
2,16,1r_astar,risk_astar,1,round-robin,28,476.07142857142856,920.1810714285714,1806.5064142857143,4.107142857142857,0.8030178326474623
2,32,1r_astar,risk_astar,1,aoi-normalized,56,34.85089285714286,1280.8096428571428,1755.8827339285715,1.2142857142857142,0.8006776958341638
2,32,1r_astar,risk_astar,1,aoi-pure,56,953.5335714285715,1109.5248214285714,3606.8566267857145,2,0.8032885502305995
2,32,1r_astar,risk_astar,1,max-weight-drift,56,56.44642857142857,1197.58375,1698.8150839285715,1.75,0.8020477815699659
2,32,1r_astar,risk_astar,1,pf-classic,56,552.3196428571429,1103.3342857142857,2492.1829785714285,2.107142857142857,0.802801724137931
2,32,1r_astar,risk_astar,1,risk-aware,56,752.0366071428572,1133.3730357142858,3062.0552821428573,1.9642857142857142,0.8029948525970987
2,32,1r_astar,risk_astar,1,round-robin,56,764.3807142857142,1291.650357142857,3197.7837696428574,2.0892857142857144,0.8035367405720409
2,62,1r_astar,risk_astar,1,aoi-normalized,108,18.49111111111111,1400.0037037037036,1840.7645648148148,0.018518518518518517,0.7960396039603961
2,62,1r_astar,risk_astar,1,aoi-pure,108,1200.448425925926,1298.7762962962963,7194.369150925926,0.5648148148148148,0.8030867482703565
2,62,1r_astar,risk_astar,1,max-weight-drift,108,50.00907407407407,1327.522962962963,1808.121298148148,0.4166666666666667,0.8043684710351378
2,62,1r_astar,risk_astar,1,pf-classic,108,828.4478703703703,1332.056388888889,5131.273848148148,1.1018518518518519,0.8034832510342986
2,62,1r_astar,risk_astar,1,risk-aware,108,776.5934259259259,1302.4194444444445,4796.345926851852,0.5555555555555556,0.8033692901851112
2,62,1r_astar,risk_astar,1,round-robin,108,977.8990740740741,1400.3735185185185,5915.563863888889,1,0.8030967570441254
4,2,1r_astar,risk_astar,1,aoi-normalized,3,86.88666666666667,181.38333333333333,425.4334,22,0.8034557235421166
4,2,1r_astar,risk_astar,1,aoi-pure,3,86.88666666666667,181.38333333333333,425.4334,22,0.8034557235421166
4,2,1r_astar,risk_astar,1,max-weight-drift,3,81.47666666666666,181.42,425.52863333333335,22,0.8031666066930551
4,2,1r_astar,risk_astar,1,pf-classic,3,86.88666666666667,181.38333333333333,425.4334,22,0.8034557235421166
4,2,1r_astar,risk_astar,1,risk-aware,3,86.88666666666667,181.38333333333333,425.4334,22,0.8034557235421166
4,2,1r_astar,risk_astar,1,round-robin,3,86.88666666666667,181.38333333333333,425.4334,22,0.8034557235421166
4,4,1r_astar,risk_astar,1,aoi-normalized,7,69.79428571428572,184.1342857142857,428.16925714285713,21.428571428571427,0.8040565393305659
4,4,1r_astar,risk_astar,1,aoi-pure,7,88.54714285714286,181.60571428571427,426.16441428571426,22,0.8038590172369436
4,4,1r_astar,risk_astar,1,max-weight-drift,7,71.65428571428572,181.8657142857143,427.0424857142857,21.857142857142858,0.8034473887316697
4,4,1r_astar,risk_astar,1,pf-classic,7,71.45857142857143,187.3,438.37451428571427,21.142857142857142,0.8039433932262681
4,4,1r_astar,risk_astar,1,risk-aware,7,91.65714285714286,181.85714285714286,426.9962428571429,21.857142857142858,0.8040961251479443
4,4,1r_astar,risk_astar,1,round-robin,7,95.62571428571428,181.63857142857142,426.18717142857145,22,0.8040839419812776
4,8,1r_astar,risk_astar,1,aoi-normalized,14,43.246428571428574,319.09785714285715,724.1225571428571,12.214285714285714,0.8048061872755732
4,8,1r_astar,risk_astar,1,aoi-pure,14,151.21785714285713,275.7785714285714,638.2306142857143,14.071428571428571,0.8038510706295942
4,8,1r_astar,risk_astar,1,max-weight-drift,14,59.317142857142855,282.5207142857143,641.8093857142857,14,0.8040808080808081
4,8,1r_astar,risk_astar,1,pf-classic,14,65.39285714285714,303.25,682.2646714285714,13.785714285714286,0.8043690505247743
4,8,1r_astar,risk_astar,1,risk-aware,14,160.60999999999999,277.77142857142854,632.6875714285715,14.071428571428571,0.8039865782535751
4,8,1r_astar,risk_astar,1,round-robin,14,138.40642857142856,293.1771428571429,663.9467571428571,14,0.8039443155452436
4,16,1r_astar,risk_astar,1,aoi-normalized,28,28.397142857142857,518.9232142857143,1084.3121678571429,6.214285714285714,0.802720785013381
4,16,1r_astar,risk_astar,1,aoi-pure,28,297.4175,441.51178571428574,1097.6546357142856,7.857142857142857,0.8031331967949409
4,16,1r_astar,risk_astar,1,max-weight-drift,28,60.875,461.38357142857143,996.8332964285714,7.607142857142857,0.8033602299104675
4,16,1r_astar,risk_astar,1,pf-classic,28,142.84071428571428,492.88428571428574,1025.3274821428572,7.75,0.8030594818502235
4,16,1r_astar,risk_astar,1,risk-aware,28,302.7396428571429,458.55821428571426,1104.8253642857144,7.785714285714286,0.8035579514824798
4,16,1r_astar,risk_astar,1,round-robin,28,254.01785714285714,535.555,1173.4155214285715,7.714285714285714,0.8032338218877165
4,32,1r_astar,risk_astar,1,aoi-normalized,56,31.101785714285715,785.9510714285715,1379.3825571428572,3.0892857142857144,0.8014043932301045
4,32,1r_astar,risk_astar,1,aoi-pure,56,533.2673214285714,690.8746428571428,2162.066264285714,3.857142857142857,0.8026833692713147
4,32,1r_astar,risk_astar,1,max-weight-drift,56,48.52303571428571,714.7646428571429,1317.7639,3.6785714285714284,0.8026441776533844
4,32,1r_astar,risk_astar,1,pf-classic,56,361.1385714285714,719.6717857142858,1668.9121678571428,4.089285714285714,0.8024721196008701
4,32,1r_astar,risk_astar,1,risk-aware,56,455.52642857142854,693.8507142857143,1934.365825,3.892857142857143,0.8027937551355793
4,32,1r_astar,risk_astar,1,round-robin,56,462.7108928571428,916.9555357142857,2185.169142857143,4.035714285714286,0.802647371489318
4,62,1r_astar,risk_astar,1,aoi-normalized,108,24.10972222222222,1310.6922222222222,1779.6288666666667,0.9444444444444444,0.8006680253623188
4,62,1r_astar,risk_astar,1,aoi-pure,108,938.8162962962963,1098.858425925926,5464.397385185185,2.0555555555555554,0.8027573714400724
4,62,1r_astar,risk_astar,1,max-weight-drift,108,55.81157407407407,1197.5144444444445,1715.776799074074,1.7407407407407407,0.8025782546605427
4,62,1r_astar,risk_astar,1,pf-classic,108,545.7426851851852,1082.4610185185186,3313.1009916666667,2.175925925925926,0.8026792057102263
4,62,1r_astar,risk_astar,1,risk-aware,108,698.180925925926,1120.04,4172.604683333333,2.037037037037037,0.8026112640128885
4,62,1r_astar,risk_astar,1,round-robin,108,812.6236111111111,1299.0730555555556,5059.869819444444,2.138888888888889,0.8024745318226137
8,2,1r_astar,risk_astar,1,aoi-normalized,3,86.88666666666667,181.38333333333333,425.4334,22,0.8034557235421166
8,2,1r_astar,risk_astar,1,aoi-pure,3,86.88666666666667,181.38333333333333,425.4334,22,0.8034557235421166
8,2,1r_astar,risk_astar,1,max-weight-drift,3,81.47666666666666,181.42,425.52863333333335,22,0.8031666066930551
8,2,1r_astar,risk_astar,1,pf-classic,3,86.88666666666667,181.38333333333333,425.4334,22,0.8034557235421166
8,2,1r_astar,risk_astar,1,risk-aware,3,86.88666666666667,181.38333333333333,425.4334,22,0.8034557235421166
8,2,1r_astar,risk_astar,1,round-robin,3,86.88666666666667,181.38333333333333,425.4334,22,0.8034557235421166
8,4,1r_astar,risk_astar,1,aoi-normalized,7,98.70142857142858,181.47142857142856,427.0237,22,0.8039699681168364
8,4,1r_astar,risk_astar,1,aoi-pure,7,98.70142857142858,181.47142857142856,427.0237,22,0.8039699681168364
8,4,1r_astar,risk_astar,1,max-weight-drift,7,113.30285714285714,181.38714285714286,427.43375714285713,22,0.8042461317020511
8,4,1r_astar,risk_astar,1,pf-classic,7,98.70142857142858,181.47142857142856,427.0237,22,0.8039699681168364
8,4,1r_astar,risk_astar,1,risk-aware,7,98.70142857142858,181.47142857142856,427.0237,22,0.8039699681168364
8,4,1r_astar,risk_astar,1,round-robin,7,98.70142857142858,181.47142857142856,427.0237,22,0.8039699681168364
8,8,1r_astar,risk_astar,1,aoi-normalized,14,81.56571428571428,183.8492857142857,429.13068571428573,21.5,0.8027829459395718
8,8,1r_astar,risk_astar,1,aoi-pure,14,87.825,181.9142857142857,428.0063642857143,21.928571428571427,0.8033187548237716
8,8,1r_astar,risk_astar,1,max-weight-drift,14,75.84928571428571,181.88285714285715,427.41874285714283,21.857142857142858,0.8034133031301482
8,8,1r_astar,risk_astar,1,pf-classic,14,73.295,186.665,437.9526142857143,21.285714285714285,0.8031047045778552
8,8,1r_astar,risk_astar,1,risk-aware,14,87.70285714285714,181.71642857142857,427.4298642857143,22,0.8033339335785764
8,8,1r_astar,risk_astar,1,round-robin,14,89.26071428571429,181.56857142857143,427.4621285714286,22,0.8032095463429688
8,16,1r_astar,risk_astar,1,aoi-normalized,28,41.39107142857143,320.315,726.6123964285714,12,0.801884159106769
8,16,1r_astar,risk_astar,1,aoi-pure,28,153.26,276.6589285714286,663.4797714285714,13.964285714285714,0.8005433914016302
8,16,1r_astar,risk_astar,1,max-weight-drift,28,57.371428571428574,282.68357142857144,644.6694392857142,13.678571428571429,0.8005229659058661
8,16,1r_astar,risk_astar,1,pf-classic,28,67.43321428571429,302.14035714285717,682.5974285714285,13.821428571428571,0.8009449840812768
8,16,1r_astar,risk_astar,1,risk-aware,28,155.49642857142857,278.59250000000003,653.1009928571428,14.035714285714286,0.8005073708601335
8,16,1r_astar,risk_astar,1,round-robin,28,150.71964285714284,293.3167857142857,692.93515,14,0.8007721853244779
8,32,1r_astar,risk_astar,1,aoi-normalized,56,24.541607142857142,533.0207142857143,1105.8983160714286,6,0.8008850582701976
8,32,1r_astar,risk_astar,1,aoi-pure,56,297.41285714285715,447.71214285714285,1275.8986,7.785714285714286,0.8003306260332064
8,32,1r_astar,risk_astar,1,max-weight-drift,56,43.956607142857145,476.3951785714286,1021.9726517857143,7.357142857142857,0.8004209576787191
8,32,1r_astar,risk_astar,1,pf-classic,56,143.4275,494.4685714285714,1070.4998607142857,7.678571428571429,0.8003196629009408
8,32,1r_astar,risk_astar,1,risk-aware,56,294.7601785714286,460.7735714285714,1258.7759,7.821428571428571,0.8003774602318684
8,32,1r_astar,risk_astar,1,round-robin,56,281.4357142857143,538.2105357142857,1376.6253142857142,7.75,0.8005257377432887
8,62,1r_astar,risk_astar,1,aoi-normalized,108,20.703055555555554,807.9943518518519,1400.2469842592593,2.935185185185185,0.7996968808057103
8,62,1r_astar,risk_astar,1,aoi-pure,108,521.6538888888889,685.6358333333334,2971.619798148148,3.9814814814814814,0.7999724929943095
8,62,1r_astar,risk_astar,1,max-weight-drift,108,40.003055555555555,710.8325,1319.8772148148148,3.75,0.7998036365009535
8,62,1r_astar,risk_astar,1,pf-classic,108,351.99305555555554,708.940462962963,2034.1899037037037,4.203703703703703,0.8001353015663758
8,62,1r_astar,risk_astar,1,risk-aware,108,436.7658333333333,690.3724074074074,2456.61082037037,4.046296296296297,0.8002029967830171
8,62,1r_astar,risk_astar,1,round-robin,108,457.7025,906.5625,2822.8876416666667,4.148148148148148,0.7999000706397202
16,2,1r_astar,risk_astar,1,aoi-normalized,3,86.88666666666667,181.38333333333333,425.4334,22,0.8034557235421166
16,2,1r_astar,risk_astar,1,aoi-pure,3,86.88666666666667,181.38333333333333,425.4334,22,0.8034557235421166
16,2,1r_astar,risk_astar,1,max-weight-drift,3,81.47666666666666,181.42,425.52863333333335,22,0.8031666066930551
16,2,1r_astar,risk_astar,1,pf-classic,3,86.88666666666667,181.38333333333333,425.4334,22,0.8034557235421166
16,2,1r_astar,risk_astar,1,risk-aware,3,86.88666666666667,181.38333333333333,425.4334,22,0.8034557235421166
16,2,1r_astar,risk_astar,1,round-robin,3,86.88666666666667,181.38333333333333,425.4334,22,0.8034557235421166
16,4,1r_astar,risk_astar,1,aoi-normalized,7,98.70142857142858,181.47142857142856,427.0237,22,0.8039699681168364
16,4,1r_astar,risk_astar,1,aoi-pure,7,98.70142857142858,181.47142857142856,427.0237,22,0.8039699681168364
16,4,1r_astar,risk_astar,1,max-weight-drift,7,113.30285714285714,181.38714285714286,427.43375714285713,22,0.8042461317020511
16,4,1r_astar,risk_astar,1,pf-classic,7,98.70142857142858,181.47142857142856,427.0237,22,0.8039699681168364
16,4,1r_astar,risk_astar,1,risk-aware,7,98.70142857142858,181.47142857142856,427.0237,22,0.8039699681168364
16,4,1r_astar,risk_astar,1,round-robin,7,98.70142857142858,181.47142857142856,427.0237,22,0.8039699681168364
16,8,1r_astar,risk_astar,1,aoi-normalized,14,93.8,181.54642857142858,428.3706785714286,22,0.8032500257122287
16,8,1r_astar,risk_astar,1,aoi-pure,14,93.8,181.54642857142858,428.3706785714286,22,0.8032500257122287
16,8,1r_astar,risk_astar,1,max-weight-drift,14,96.3092857142857,181.46714285714285,428.39232857142855,22,0.803320824551483
16,8,1r_astar,risk_astar,1,pf-classic,14,93.8,181.54642857142858,428.3706785714286,22,0.8032500257122287
16,8,1r_astar,risk_astar,1,risk-aware,14,93.8,181.54642857142858,428.3706785714286,22,0.8032500257122287
16,8,1r_astar,risk_astar,1,round-robin,14,93.8,181.54642857142858,428.3706785714286,22,0.8032500257122287
16,16,1r_astar,risk_astar,1,aoi-normalized,28,82.72071428571428,184.34428571428572,435.672625,21.5,0.800086333193805
16,16,1r_astar,risk_astar,1,aoi-pure,28,87.88035714285714,182.62464285714285,435.609825,21.892857142857142,0.799593527308276
16,16,1r_astar,risk_astar,1,max-weight-drift,28,79.86071428571428,182.58464285714285,433.59338214285714,21.821428571428573,0.7996783531682213
16,16,1r_astar,risk_astar,1,pf-classic,28,77.21464285714286,187.04285714285714,442.93414285714283,21.178571428571427,0.799976275520291
16,16,1r_astar,risk_astar,1,risk-aware,28,87.75392857142857,182.57714285714286,435.7034178571429,21.785714285714285,0.7995986570447265
16,16,1r_astar,risk_astar,1,round-robin,28,93.11107142857144,182.4792857142857,436.69799642857146,21.892857142857142,0.7998585209003215
16,32,1r_astar,risk_astar,1,aoi-normalized,56,40.25053571428572,327.95535714285717,747.1756982142857,11.714285714285714,0.8019118174214362
16,32,1r_astar,risk_astar,1,aoi-pure,56,155.60285714285715,277.5439285714286,714.2524517857142,13.946428571428571,0.800739334598861
16,32,1r_astar,risk_astar,1,max-weight-drift,56,54.74017857142857,286.60285714285715,659.6078214285715,13.589285714285714,0.8005361984953822
16,32,1r_astar,risk_astar,1,pf-classic,56,67.55571428571429,302.50124999999997,693.4977982142857,13.714285714285714,0.8008671164326668
16,32,1r_astar,risk_astar,1,risk-aware,56,152.85517857142858,279.2948214285714,702.0480875,13.946428571428571,0.8006335438484291
16,32,1r_astar,risk_astar,1,round-robin,56,137.36482142857142,293.9057142857143,730.0193517857143,13.928571428571429,0.8003101240496199
16,62,1r_astar,risk_astar,1,aoi-normalized,108,23.91925925925926,545.1697222222223,1122.4011416666667,5.972222222222222,0.8001035670415955
16,62,1r_astar,risk_astar,1,aoi-pure,108,285.19694444444445,435.42462962962964,1517.8058574074073,8.018518518518519,0.7998190863862505
16,62,1r_astar,risk_astar,1,max-weight-drift,108,43.57851851851852,468.27157407407407,1016.4906157407407,7.527777777777778,0.7997546035611018
16,62,1r_astar,risk_astar,1,pf-classic,108,140.36111111111111,484.14314814814816,1127.4243027777777,7.953703703703703,0.7997478116262495
16,62,1r_astar,risk_astar,1,risk-aware,108,262.44814814814816,442.52416666666664,1417.2690212962964,7.9907407407407405,0.7999040654527024
16,62,1r_astar,risk_astar,1,round-robin,108,261.19064814814817,522.2658333333334,1571.3690935185184,7.944444444444445,0.7998713173658121
32,2,1r_astar,risk_astar,1,aoi-normalized,3,86.88666666666667,181.38333333333333,425.4334,22,0.8034557235421166
32,2,1r_astar,risk_astar,1,aoi-pure,3,86.88666666666667,181.38333333333333,425.4334,22,0.8034557235421166
32,2,1r_astar,risk_astar,1,max-weight-drift,3,81.47666666666666,181.42,425.52863333333335,22,0.8031666066930551
32,2,1r_astar,risk_astar,1,pf-classic,3,86.88666666666667,181.38333333333333,425.4334,22,0.8034557235421166
32,2,1r_astar,risk_astar,1,risk-aware,3,86.88666666666667,181.38333333333333,425.4334,22,0.8034557235421166
32,2,1r_astar,risk_astar,1,round-robin,3,86.88666666666667,181.38333333333333,425.4334,22,0.8034557235421166
32,4,1r_astar,risk_astar,1,aoi-normalized,7,98.70142857142858,181.47142857142856,427.0237,22,0.8039699681168364
32,4,1r_astar,risk_astar,1,aoi-pure,7,98.70142857142858,181.47142857142856,427.0237,22,0.8039699681168364
32,4,1r_astar,risk_astar,1,max-weight-drift,7,113.30285714285714,181.38714285714286,427.43375714285713,22,0.8042461317020511
32,4,1r_astar,risk_astar,1,pf-classic,7,98.70142857142858,181.47142857142856,427.0237,22,0.8039699681168364
32,4,1r_astar,risk_astar,1,risk-aware,7,98.70142857142858,181.47142857142856,427.0237,22,0.8039699681168364
32,4,1r_astar,risk_astar,1,round-robin,7,98.70142857142858,181.47142857142856,427.0237,22,0.8039699681168364
32,8,1r_astar,risk_astar,1,aoi-normalized,14,93.8,181.54642857142858,428.3706785714286,22,0.8032500257122287
32,8,1r_astar,risk_astar,1,aoi-pure,14,93.8,181.54642857142858,428.3706785714286,22,0.8032500257122287
32,8,1r_astar,risk_astar,1,max-weight-drift,14,96.3092857142857,181.46714285714285,428.39232857142855,22,0.803320824551483
32,8,1r_astar,risk_astar,1,pf-classic,14,93.8,181.54642857142858,428.3706785714286,22,0.8032500257122287
32,8,1r_astar,risk_astar,1,risk-aware,14,93.8,181.54642857142858,428.3706785714286,22,0.8032500257122287
32,8,1r_astar,risk_astar,1,round-robin,14,93.8,181.54642857142858,428.3706785714286,22,0.8032500257122287
32,16,1r_astar,risk_astar,1,aoi-normalized,28,96.5442857142857,182.50357142857143,438.2937285714286,21.928571428571427,0.7999305805522703
32,16,1r_astar,risk_astar,1,aoi-pure,28,96.5442857142857,182.50357142857143,438.2937285714286,21.928571428571427,0.7999305805522703
32,16,1r_astar,risk_astar,1,max-weight-drift,28,98.69321428571429,182.45535714285714,439.4798642857143,21.928571428571427,0.7999640176827387
32,16,1r_astar,risk_astar,1,pf-classic,28,96.5442857142857,182.50357142857143,438.2937285714286,21.928571428571427,0.7999305805522703
32,16,1r_astar,risk_astar,1,risk-aware,28,96.5442857142857,182.50357142857143,438.2937285714286,21.928571428571427,0.7999305805522703
32,16,1r_astar,risk_astar,1,round-robin,28,96.5442857142857,182.50357142857143,438.2937285714286,21.928571428571427,0.7999305805522703
32,32,1r_astar,risk_astar,1,aoi-normalized,56,87.67517857142857,184.08910714285713,454.5729053571429,21.517857142857142,0.8003972973326189
32,32,1r_astar,risk_astar,1,aoi-pure,56,94.58553571428571,182.43339285714285,457.1768714285714,21.857142857142858,0.8004336440901516
32,32,1r_astar,risk_astar,1,max-weight-drift,56,81.14660714285714,182.57392857142858,448.9913071428571,21.821428571428573,0.8003050546395335
32,32,1r_astar,risk_astar,1,pf-classic,56,77.07589285714286,186.84017857142857,456.44949107142855,21.196428571428573,0.8003673493571386
32,32,1r_astar,risk_astar,1,risk-aware,56,93.21392857142857,182.59785714285715,456.4697357142857,21.875,0.8003448985895192
32,32,1r_astar,risk_astar,1,round-robin,56,93.86035714285714,182.49607142857144,457.25539464285714,21.839285714285715,0.8004051837797859
32,62,1r_astar,risk_astar,1,aoi-normalized,108,42.77814814814815,324.0351851851852,751.9205935185186,11.907407407407407,0.8007147298333304
32,62,1r_astar,risk_astar,1,aoi-pure,108,151.45435185185184,271.26222222222225,785.2438361111111,14.351851851851851,0.800303037955504
32,62,1r_astar,risk_astar,1,max-weight-drift,108,54.761574074074076,294.08296296296294,682.8252342592592,13.824074074074074,0.8003886413099803
32,62,1r_astar,risk_astar,1,pf-classic,108,66.71064814814815,294.8389814814815,698.6686101851852,14.101851851851851,0.800141217644019
32,62,1r_astar,risk_astar,1,risk-aware,108,146.3072222222222,272.20842592592595,764.4163657407407,14.314814814814815,0.8005175455000328
32,62,1r_astar,risk_astar,1,round-robin,108,146.21759259259258,286.4674074074074,820.2709657407407,14.305555555555555,0.8002498899775908
1,2,1r_static,static,1,aoi-normalized,3,59.78,279.6333333333333,635.1630333333334,14,0.8049933799886514
1,2,1r_static,static,1,aoi-pure,3,154.51,262.58,609.3678333333334,14.666666666666666,0.805470577649811
1,2,1r_static,static,1,max-weight-drift,3,98.17999999999999,263.5133333333333,609.7,14.666666666666666,0.8065739570164349
1,2,1r_static,static,1,pf-classic,3,64.41333333333333,292.4766666666667,653.3934666666667,14.333333333333334,0.8063616071428571
1,2,1r_static,static,1,risk-aware,3,163.66666666666666,265.79999999999995,608.2088666666667,14.666666666666666,0.8049613517886033
1,2,1r_static,static,1,round-robin,3,124.91,287.3566666666667,640.1350333333334,14.666666666666666,0.8050755939524838
1,4,1r_static,static,1,aoi-normalized,7,62.01857142857143,466.95428571428573,1012.4865714285714,7.285714285714286,0.8039008164499546
1,4,1r_static,static,1,aoi-pure,7,313.89285714285717,463.1485714285714,1030.6894714285713,7.714285714285714,0.8040540540540541
1,4,1r_static,static,1,max-weight-drift,7,66.88571428571429,470.31857142857143,1016.3007714285715,7.714285714285714,0.8042553191489362
1,4,1r_static,static,1,pf-classic,7,142.39857142857142,518.0271428571428,1041.5455285714286,7.714285714285714,0.8038928728230645
1,4,1r_static,static,1,risk-aware,7,309.81142857142856,475.85857142857145,1020.1675428571428,7.714285714285714,0.8041978148361127
1,4,1r_static,static,1,round-robin,7,242.29714285714286,537.4185714285715,1083.4049714285713,7.857142857142857,0.8038594470046083
1,8,1r_static,static,1,aoi-normalized,14,64.66357142857143,705.7964285714286,1303.7819785714287,3.7857142857142856,0.8040282269920611
1,8,1r_static,static,1,aoi-pure,14,558.7692857142857,686.0264285714286,1475.3720142857144,3.857142857142857,0.8046276013143483
1,8,1r_static,static,1,max-weight-drift,14,69.20714285714286,693.7378571428571,1296.7068,3.7857142857142856,0.8036529680365296
1,8,1r_static,static,1,pf-classic,14,368.21285714285716,727.0564285714286,1351.6375,4.142857142857143,0.8051211072664359
1,8,1r_static,static,1,risk-aware,14,521.4685714285714,690.3057142857143,1450.9246714285714,3.857142857142857,0.8042168674698795
1,8,1r_static,static,1,round-robin,14,514.3542857142857,901.1828571428572,1628.9350285714286,4.142857142857143,0.8049382716049382
1,16,1r_static,static,1,aoi-normalized,28,62.45321428571428,1206.902857142857,1701.1438607142857,1.5714285714285714,0.8051232166018158
1,16,1r_static,static,1,aoi-pure,28,946.1578571428571,1101.6525,2528.584717857143,2,0.8047606311848088
1,16,1r_static,static,1,max-weight-drift,28,73.28714285714285,1155.1932142857142,1664.0079928571429,1.8214285714285714,0.8044269695645843
1,16,1r_static,static,1,pf-classic,28,557.5689285714286,1111.7314285714285,2011.9267214285715,2.107142857142857,0.8038528896672504
1,16,1r_static,static,1,risk-aware,28,841.6171428571429,1136.5332142857144,2410.7047464285715,1.9285714285714286,0.8047345191921894
1,16,1r_static,static,1,round-robin,28,736.9753571428571,1290.4667857142856,2371.585525,2.107142857142857,0.8042604501607717
1,32,1r_static,static,1,aoi-normalized,56,21.645357142857144,1400.75,1839.2044875,0,0.8023809523809524
1,32,1r_static,static,1,aoi-pure,56,1206.04875,1301.045357142857,4472.110489285714,0.5535714285714286,0.8042468480424685
1,32,1r_static,static,1,max-weight-drift,56,59.35732142857143,1317.6491071428572,1790.105855357143,0.44642857142857145,0.8065121036481419
1,32,1r_static,static,1,pf-classic,56,804.6091071428572,1339.3746428571428,3347.6104482142855,1.0714285714285714,0.8035904255319148
1,32,1r_static,static,1,risk-aware,56,846.7801785714286,1295.8876785714285,3430.531832142857,0.5535714285714286,0.8043824701195219
1,32,1r_static,static,1,round-robin,56,961.3067857142858,1400.1617857142858,3785.640098214286,1,0.8039735099337748
1,62,1r_static,static,1,aoi-normalized,108,31.83537037037037,1400.5185185185185,1846.112539814815,0,0.801994301994302
1,62,1r_static,static,1,aoi-pure,108,1300.6650925925926,1353.8211111111111,7675.946449074074,0.24074074074074073,0.8040288153681964
1,62,1r_static,static,1,max-weight-drift,108,37.90324074074074,1386.8100925925926,1839.3464842592593,0.08333333333333333,0.8006742520016856
1,62,1r_static,static,1,pf-classic,108,1095.660648148148,1371.4739814814814,6569.148600925926,0.5555555555555556,0.8040021203286509
1,62,1r_static,static,1,risk-aware,108,804.3105555555555,1354.151388888889,4914.122664814815,0.24074074074074073,0.8035214085634254
1,62,1r_static,static,1,round-robin,108,1245.6224074074073,1400.3647222222223,7299.622435185185,0.3148148148148148,0.8045182724252492
2,2,1r_static,static,1,aoi-normalized,3,72.94333333333333,183.85333333333332,427.3930666666667,21.333333333333332,0.8052443678443925
2,2,1r_static,static,1,aoi-pure,3,88.92,181.05333333333334,424.9593,22,0.8038415366146459
2,2,1r_static,static,1,max-weight-drift,3,75.68,181.24666666666667,425.3695,22,0.8040134583032925
2,2,1r_static,static,1,pf-classic,3,75.69666666666666,187.42666666666665,438.7855333333333,21,0.8049477871705619
2,2,1r_static,static,1,risk-aware,3,88.92,181.05333333333334,424.9593,22,0.8038415366146459
2,2,1r_static,static,1,round-robin,3,88.78,181.06,425.0062,22,0.8035521420856834
2,4,1r_static,static,1,aoi-normalized,7,54.95428571428572,286.3014285714286,653.9568714285714,13.428571428571429,0.8088098263447692
2,4,1r_static,static,1,aoi-pure,7,156.97857142857143,278.88,638.3111857142857,14,0.8072558734217676
2,4,1r_static,static,1,max-weight-drift,7,64.28999999999999,281.00714285714287,640.1464,13.857142857142858,0.8068932195200516
2,4,1r_static,static,1,pf-classic,7,64.09285714285714,302.4685714285714,679.9786857142857,13.857142857142858,0.8071277116294242
2,4,1r_static,static,1,risk-aware,7,162.88857142857142,277.1457142857143,624.9401428571429,14,0.8071086261980831
2,4,1r_static,static,1,round-robin,7,138.73142857142858,293.25142857142856,656.4163142857143,14.142857142857142,0.8072
2,8,1r_static,static,1,aoi-normalized,14,43.71285714285714,490.8178571428571,1045.313007142857,7,0.803474657315907
2,8,1r_static,static,1,aoi-pure,14,310.48785714285714,453.09714285714284,1042.4333214285714,7.857142857142857,0.8050481806414498
2,8,1r_static,static,1,max-weight-drift,14,65.38857142857142,458.41214285714284,991.7452714285714,7.571428571428571,0.8053311793214862
2,8,1r_static,static,1,pf-classic,14,158.95714285714286,494.55785714285713,1009.8962785714285,7.714285714285714,0.8042227884965417
2,8,1r_static,static,1,risk-aware,14,306.14142857142855,447.7107142857143,1009.2973571428571,7.857142857142857,0.8049464375584154
2,8,1r_static,static,1,round-robin,14,243.75714285714287,529.325,1097.7063142857144,7.785714285714286,0.8042632867636469
2,16,1r_static,static,1,aoi-normalized,28,47.02107142857143,741.8103571428571,1342.5556,3.392857142857143,0.8044566850275413
2,16,1r_static,static,1,aoi-pure,28,541.9996428571428,691.445,1695.4777142857142,3.892857142857143,0.8031889413535893
2,16,1r_static,static,1,max-weight-drift,28,65.45035714285714,698.3542857142858,1302.0367392857142,3.8214285714285716,0.8036572248117605
2,16,1r_static,static,1,pf-classic,28,356.74892857142856,720.7942857142857,1446.970425,4.035714285714286,0.8032186766127918
2,16,1r_static,static,1,risk-aware,28,493.2007142857143,699.8275,1635.4229,3.892857142857143,0.8036704786687667
2,16,1r_static,static,1,round-robin,28,476.07142857142856,920.1810714285714,1798.2061571428571,4.107142857142857,0.8030178326474623
2,32,1r_static,static,1,aoi-normalized,56,34.85821428571428,1280.6114285714286,1755.6016375,1.2142857142857142,0.8006979062811566
2,32,1r_static,static,1,aoi-pure,56,953.4119642857142,1109.4475,3567.5714375000002,2,0.8031143487268596
2,32,1r_static,static,1,max-weight-drift,56,56.44339285714286,1197.4503571428572,1698.572519642857,1.75,0.8019111178522675
2,32,1r_static,static,1,pf-classic,56,544.0128571428571,1097.7473214285715,2408.1917767857144,2.0892857142857144,0.8035064059339178
2,32,1r_static,static,1,risk-aware,56,753.9055357142857,1133.026607142857,3034.9891392857144,1.9642857142857142,0.8035320088300221
2,32,1r_static,static,1,round-robin,56,763.7364285714285,1291.5139285714286,3161.69815,2.0892857142857144,0.8033896034297964
2,62,1r_static,static,1,aoi-normalized,108,18.588981481481483,1399.4592592592592,1840.1378777777777,0.018518518518518517,0.7949804432855281
2,62,1r_static,static,1,aoi-pure,108,1199.4621296296298,1298.5996296296296,7084.132023148148,0.5648148148148148,0.8030605455755156
2,62,1r_static,static,1,max-weight-drift,108,46.46888888888889,1327.1705555555557,1804.0823898148149,0.3888888888888889,0.8006879419071279
2,62,1r_static,static,1,pf-classic,108,830.6314814814815,1329.2008333333333,5041.595571296296,1.1018518518518519,0.8030797946803546
2,62,1r_static,static,1,risk-aware,108,772.4576851851851,1302.6038888888888,4701.390984259259,0.5555555555555556,0.8029022166012115
2,62,1r_static,static,1,round-robin,108,964.3919444444444,1399.891851851852,5815.983473148148,1,0.8031501295939389
4,2,1r_static,static,1,aoi-normalized,3,86.88666666666667,181.38333333333333,425.7223333333333,22,0.8034557235421166
4,2,1r_static,static,1,aoi-pure,3,86.88666666666667,181.38333333333333,425.7223333333333,22,0.8034557235421166
4,2,1r_static,static,1,max-weight-drift,3,81.47666666666666,181.42,425.8181666666667,22,0.8031666066930551
4,2,1r_static,static,1,pf-classic,3,86.88666666666667,181.38333333333333,425.7223333333333,22,0.8034557235421166
4,2,1r_static,static,1,risk-aware,3,86.88666666666667,181.38333333333333,425.7223333333333,22,0.8034557235421166
4,2,1r_static,static,1,round-robin,3,86.88666666666667,181.38333333333333,425.7223333333333,22,0.8034557235421166
4,4,1r_static,static,1,aoi-normalized,7,69.79428571428572,184.1342857142857,428.41567142857144,21.428571428571427,0.8040565393305659
4,4,1r_static,static,1,aoi-pure,7,88.54714285714286,181.60571428571427,426.4880285714286,22,0.8038590172369436
4,4,1r_static,static,1,max-weight-drift,7,71.65428571428572,181.8657142857143,427.29977142857143,21.857142857142858,0.8034473887316697
4,4,1r_static,static,1,pf-classic,7,71.45857142857143,187.3,438.6827714285714,21.142857142857142,0.8039433932262681
4,4,1r_static,static,1,risk-aware,7,91.65714285714286,181.85714285714286,427.4421,21.857142857142858,0.8040961251479443
4,4,1r_static,static,1,round-robin,7,95.62571428571428,181.63857142857142,426.6928,22,0.8040839419812776
4,8,1r_static,static,1,aoi-normalized,14,43.246428571428574,319.09785714285715,724.2307785714286,12.214285714285714,0.8048061872755732
4,8,1r_static,static,1,aoi-pure,14,151.21785714285713,275.7785714285714,638.7625642857142,14.071428571428571,0.8038510706295942
4,8,1r_static,static,1,max-weight-drift,14,59.317142857142855,282.5207142857143,641.9752142857143,14,0.8040808080808081
4,8,1r_static,static,1,pf-classic,14,65.43642857142856,303.4378571428571,682.7030642857143,13.785714285714286,0.8038968434754312
4,8,1r_static,static,1,risk-aware,14,156.83642857142857,278.1328571428571,633.4845,14.071428571428571,0.8041150619256892
4,8,1r_static,static,1,round-robin,14,138.40642857142856,293.1771428571429,664.2954214285714,14,0.8039443155452436
4,16,1r_static,static,1,aoi-normalized,28,28.397142857142857,518.9232142857143,1084.3673142857142,6.214285714285714,0.802720785013381
4,16,1r_static,static,1,aoi-pure,28,297.4175,441.51178571428574,1095.4802785714285,7.857142857142857,0.8031331967949409
4,16,1r_static,static,1,max-weight-drift,28,60.875,461.38357142857143,996.9183607142857,7.607142857142857,0.8033602299104675
4,16,1r_static,static,1,pf-classic,28,150.32142857142858,493.2971428571429,1028.731917857143,7.821428571428571,0.8035247093023256
4,16,1r_static,static,1,risk-aware,28,300.7446428571429,455.1589285714286,1097.9014642857144,7.785714285714286,0.8032698526769673
4,16,1r_static,static,1,round-robin,28,254.01785714285714,535.555,1171.9058678571428,7.714285714285714,0.8032338218877165
4,32,1r_static,static,1,aoi-normalized,56,25.864821428571428,792.3171428571428,1382.907125,3.017857142857143,0.8009504913948231
4,32,1r_static,static,1,aoi-pure,56,533.3717857142857,690.82,2137.4370714285715,3.875,0.8028279923308682
4,32,1r_static,static,1,max-weight-drift,56,48.4,715.0151785714286,1317.766125,3.6785714285714284,0.802366296855995
4,32,1r_static,static,1,pf-classic,56,354.19392857142856,719.0608928571429,1637.1287375,4.053571428571429,0.8032911567447971
4,32,1r_static,static,1,risk-aware,56,456.9142857142857,696.8633928571429,1920.1281178571428,3.9285714285714284,0.8028834628951064
4,32,1r_static,static,1,round-robin,56,463.84017857142857,916.8060714285714,2168.8736607142855,4.035714285714286,0.8025241786130736
4,62,1r_static,static,1,aoi-normalized,108,21.403703703703705,1314.1456481481482,1779.4170962962962,0.8981481481481481,0.8032073310423826
4,62,1r_static,static,1,aoi-pure,108,934.2242592592593,1095.8412037037037,5359.63629537037,2.0462962962962963,0.8024952208471677
4,62,1r_static,static,1,max-weight-drift,108,60.28231481481482,1180.6935185185184,1706.066274074074,1.7962962962962963,0.8027498677948176
4,62,1r_static,static,1,pf-classic,108,541.492962962963,1077.1293518518519,3187.4351555555554,2.1481481481481484,0.8026186690124167
4,62,1r_static,static,1,risk-aware,108,698.7181481481482,1115.4357407407408,4105.963238888889,2.0462962962962963,0.8025710737421542
4,62,1r_static,static,1,round-robin,108,793.1351851851852,1296.967037037037,4816.519412037037,2.138888888888889,0.8023204977299478
8,2,1r_static,static,1,aoi-normalized,3,86.88666666666667,181.38333333333333,425.7223333333333,22,0.8034557235421166
8,2,1r_static,static,1,aoi-pure,3,86.88666666666667,181.38333333333333,425.7223333333333,22,0.8034557235421166
8,2,1r_static,static,1,max-weight-drift,3,81.47666666666666,181.42,425.8181666666667,22,0.8031666066930551
8,2,1r_static,static,1,pf-classic,3,86.88666666666667,181.38333333333333,425.7223333333333,22,0.8034557235421166
8,2,1r_static,static,1,risk-aware,3,86.88666666666667,181.38333333333333,425.7223333333333,22,0.8034557235421166
8,2,1r_static,static,1,round-robin,3,86.88666666666667,181.38333333333333,425.7223333333333,22,0.8034557235421166
8,4,1r_static,static,1,aoi-normalized,7,98.70142857142858,181.47142857142856,427.53711428571427,22,0.8039699681168364
8,4,1r_static,static,1,aoi-pure,7,98.70142857142858,181.47142857142856,427.53711428571427,22,0.8039699681168364
8,4,1r_static,static,1,max-weight-drift,7,113.30285714285714,181.38714285714286,428.1281285714286,22,0.8042461317020511
8,4,1r_static,static,1,pf-classic,7,98.70142857142858,181.47142857142856,427.53711428571427,22,0.8039699681168364
8,4,1r_static,static,1,risk-aware,7,98.70142857142858,181.47142857142856,427.53711428571427,22,0.8039699681168364
8,4,1r_static,static,1,round-robin,7,98.70142857142858,181.47142857142856,427.53711428571427,22,0.8039699681168364
8,8,1r_static,static,1,aoi-normalized,14,81.56571428571428,183.8492857142857,429.42465714285714,21.5,0.8027829459395718
8,8,1r_static,static,1,aoi-pure,14,87.825,181.9142857142857,428.33317857142856,21.928571428571427,0.8033187548237716
8,8,1r_static,static,1,max-weight-drift,14,75.84928571428571,181.88285714285715,427.7151857142857,21.857142857142858,0.8034133031301482
8,8,1r_static,static,1,pf-classic,14,73.295,186.665,438.2299,21.285714285714285,0.8031047045778552
8,8,1r_static,static,1,risk-aware,14,87.70285714285714,181.71642857142857,427.72394285714284,22,0.8033339335785764
8,8,1r_static,static,1,round-robin,14,89.26071428571429,181.56857142857143,427.80827857142856,22,0.8032095463429688
8,16,1r_static,static,1,aoi-normalized,28,41.39107142857143,320.315,726.696,12,0.801884159106769
8,16,1r_static,static,1,aoi-pure,28,153.26,276.6589285714286,663.6251392857143,13.964285714285714,0.8005433914016302
8,16,1r_static,static,1,max-weight-drift,28,57.371428571428574,282.68357142857144,644.7748071428572,13.678571428571429,0.8005229659058661
8,16,1r_static,static,1,pf-classic,28,68.59107142857142,301.2832142857143,681.4806678571429,13.857142857142858,0.8010583727012834
8,16,1r_static,static,1,risk-aware,28,157.19714285714286,278.68107142857144,654.2387357142857,13.964285714285714,0.8006832347770497
8,16,1r_static,static,1,round-robin,28,150.71964285714284,293.3167857142857,692.933125,14,0.8007721853244779
8,32,1r_static,static,1,aoi-normalized,56,24.176964285714284,537.5058928571428,1110.3952714285715,5.964285714285714,0.7998514322856214
8,32,1r_static,static,1,aoi-pure,56,297.8769642857143,448.14160714285714,1270.4775839285714,7.785714285714286,0.8002371711944803
8,32,1r_static,static,1,max-weight-drift,56,45.19517857142857,475.1664285714286,1020.7565625,7.357142857142857,0.7995319228608875
8,32,1r_static,static,1,pf-classic,56,147.38232142857143,494.1830357142857,1073.7478839285714,7.732142857142857,0.8004575911096584
8,32,1r_static,static,1,risk-aware,56,293.86875,452.18142857142857,1241.0992285714285,7.785714285714286,0.8004853060124023
8,32,1r_static,static,1,round-robin,56,276.85017857142856,536.9710714285715,1348.1973821428571,7.714285714285714,0.800561797752809
8,62,1r_static,static,1,aoi-normalized,108,19.573333333333334,837.0962037037037,1421.1616953703704,2.888888888888889,0.7995572249446531
8,62,1r_static,static,1,aoi-pure,108,520.3806481481481,684.1486111111111,2912.882236111111,3.990740740740741,0.8001960379694594
8,62,1r_static,static,1,max-weight-drift,108,39.36814814814815,716.4872222222223,1325.7275388888888,3.712962962962963,0.7997510532363079
8,62,1r_static,static,1,pf-classic,108,349.49888888888887,705.7131481481481,1990.0818157407407,4.194444444444445,0.8001144978575022
8,62,1r_static,static,1,risk-aware,108,436.77916666666664,695.5002777777778,2426.231275,4.055555555555555,0.7998039485450918
8,62,1r_static,static,1,round-robin,108,485.4025925925926,905.0480555555556,2918.926375925926,4.166666666666667,0.8004169466411675
16,2,1r_static,static,1,aoi-normalized,3,86.88666666666667,181.38333333333333,425.7223333333333,22,0.8034557235421166
16,2,1r_static,static,1,aoi-pure,3,86.88666666666667,181.38333333333333,425.7223333333333,22,0.8034557235421166
16,2,1r_static,static,1,max-weight-drift,3,81.47666666666666,181.42,425.8181666666667,22,0.8031666066930551
16,2,1r_static,static,1,pf-classic,3,86.88666666666667,181.38333333333333,425.7223333333333,22,0.8034557235421166
16,2,1r_static,static,1,risk-aware,3,86.88666666666667,181.38333333333333,425.7223333333333,22,0.8034557235421166
16,2,1r_static,static,1,round-robin,3,86.88666666666667,181.38333333333333,425.7223333333333,22,0.8034557235421166
16,4,1r_static,static,1,aoi-normalized,7,98.70142857142858,181.47142857142856,427.53711428571427,22,0.8039699681168364
16,4,1r_static,static,1,aoi-pure,7,98.70142857142858,181.47142857142856,427.53711428571427,22,0.8039699681168364
16,4,1r_static,static,1,max-weight-drift,7,113.30285714285714,181.38714285714286,428.1281285714286,22,0.8042461317020511
16,4,1r_static,static,1,pf-classic,7,98.70142857142858,181.47142857142856,427.53711428571427,22,0.8039699681168364
16,4,1r_static,static,1,risk-aware,7,98.70142857142858,181.47142857142856,427.53711428571427,22,0.8039699681168364
16,4,1r_static,static,1,round-robin,7,98.70142857142858,181.47142857142856,427.53711428571427,22,0.8039699681168364
16,8,1r_static,static,1,aoi-normalized,14,93.8,181.54642857142858,428.7729214285714,22,0.8032500257122287
16,8,1r_static,static,1,aoi-pure,14,93.8,181.54642857142858,428.7729214285714,22,0.8032500257122287
16,8,1r_static,static,1,max-weight-drift,14,96.3092857142857,181.46714285714285,428.76052142857145,22,0.803320824551483
16,8,1r_static,static,1,pf-classic,14,93.8,181.54642857142858,428.7729214285714,22,0.8032500257122287
16,8,1r_static,static,1,risk-aware,14,93.8,181.54642857142858,428.7729214285714,22,0.8032500257122287
16,8,1r_static,static,1,round-robin,14,93.8,181.54642857142858,428.7729214285714,22,0.8032500257122287
16,16,1r_static,static,1,aoi-normalized,28,82.72071428571428,184.34428571428572,435.82385,21.5,0.800086333193805
16,16,1r_static,static,1,aoi-pure,28,87.88035714285714,182.62464285714285,435.7862928571429,21.892857142857142,0.799593527308276
16,16,1r_static,static,1,max-weight-drift,28,79.86071428571428,182.58464285714285,433.75072857142857,21.821428571428573,0.7996783531682213
16,16,1r_static,static,1,pf-classic,28,76.375,187.08285714285714,442.75224285714285,21.178571428571427,0.8000474414559255
16,16,1r_static,static,1,risk-aware,28,87.75392857142857,182.57714285714286,435.8582107142857,21.785714285714285,0.7995986570447265
16,16,1r_static,static,1,round-robin,28,93.11107142857144,182.4792857142857,436.88951071428573,21.892857142857142,0.7998585209003215
16,32,1r_static,static,1,aoi-normalized,56,40.53035714285714,328.4694642857143,749.0981910714286,11.642857142857142,0.8008376488556905
16,32,1r_static,static,1,aoi-pure,56,154.94767857142858,277.48607142857145,713.0630732142857,13.910714285714286,0.8006754731309579
16,32,1r_static,static,1,max-weight-drift,56,54.738571428571426,286.63892857142855,660.9206357142857,13.571428571428571,0.8007266714975353
16,32,1r_static,static,1,pf-classic,56,66.18982142857143,302.67910714285716,693.1821714285715,13.785714285714286,0.8007273906128114
16,32,1r_static,static,1,risk-aware,56,153.77357142857144,279.74089285714285,703.0800535714286,13.982142857142858,0.8005514981366956
16,32,1r_static,static,1,round-robin,56,143.32857142857142,293.6351785714286,734.0993160714286,13.928571428571429,0.8005342831700801
16,62,1r_static,static,1,aoi-normalized,108,23.985833333333332,544.759537037037,1121.2429546296296,5.962962962962963,0.7993653922428817
16,62,1r_static,static,1,aoi-pure,108,285.11305555555555,434.23083333333335,1503.8956185185186,8.018518518518519,0.7998245106198213
16,62,1r_static,static,1,max-weight-drift,108,40.21111111111111,473.64722222222224,1021.1412453703704,7.462962962962963,0.7996706968017384
16,62,1r_static,static,1,pf-classic,108,141.21740740740742,483.50981481481483,1127.0171185185186,7.962962962962963,0.8000475359033193
16,62,1r_static,static,1,risk-aware,108,262.62074074074076,442.1989814814815,1406.812861111111,7.962962962962963,0.7998805202798722
16,62,1r_static,static,1,round-robin,108,270.42935185185183,523.4794444444444,1618.2090351851853,7.935185185185185,0.7999147840591797
32,2,1r_static,static,1,aoi-normalized,3,86.88666666666667,181.38333333333333,425.7223333333333,22,0.8034557235421166
32,2,1r_static,static,1,aoi-pure,3,86.88666666666667,181.38333333333333,425.7223333333333,22,0.8034557235421166
32,2,1r_static,static,1,max-weight-drift,3,81.47666666666666,181.42,425.8181666666667,22,0.8031666066930551
32,2,1r_static,static,1,pf-classic,3,86.88666666666667,181.38333333333333,425.7223333333333,22,0.8034557235421166
32,2,1r_static,static,1,risk-aware,3,86.88666666666667,181.38333333333333,425.7223333333333,22,0.8034557235421166
32,2,1r_static,static,1,round-robin,3,86.88666666666667,181.38333333333333,425.7223333333333,22,0.8034557235421166
32,4,1r_static,static,1,aoi-normalized,7,98.70142857142858,181.47142857142856,427.53711428571427,22,0.8039699681168364
32,4,1r_static,static,1,aoi-pure,7,98.70142857142858,181.47142857142856,427.53711428571427,22,0.8039699681168364
32,4,1r_static,static,1,max-weight-drift,7,113.30285714285714,181.38714285714286,428.1281285714286,22,0.8042461317020511
32,4,1r_static,static,1,pf-classic,7,98.70142857142858,181.47142857142856,427.53711428571427,22,0.8039699681168364
32,4,1r_static,static,1,risk-aware,7,98.70142857142858,181.47142857142856,427.53711428571427,22,0.8039699681168364
32,4,1r_static,static,1,round-robin,7,98.70142857142858,181.47142857142856,427.53711428571427,22,0.8039699681168364
32,8,1r_static,static,1,aoi-normalized,14,93.8,181.54642857142858,428.7729214285714,22,0.8032500257122287
32,8,1r_static,static,1,aoi-pure,14,93.8,181.54642857142858,428.7729214285714,22,0.8032500257122287
32,8,1r_static,static,1,max-weight-drift,14,96.3092857142857,181.46714285714285,428.76052142857145,22,0.803320824551483
32,8,1r_static,static,1,pf-classic,14,93.8,181.54642857142858,428.7729214285714,22,0.8032500257122287
32,8,1r_static,static,1,risk-aware,14,93.8,181.54642857142858,428.7729214285714,22,0.8032500257122287
32,8,1r_static,static,1,round-robin,14,93.8,181.54642857142858,428.7729214285714,22,0.8032500257122287
32,16,1r_static,static,1,aoi-normalized,28,96.5442857142857,182.50357142857143,438.5221535714286,21.928571428571427,0.7999305805522703
32,16,1r_static,static,1,aoi-pure,28,96.5442857142857,182.50357142857143,438.5221535714286,21.928571428571427,0.7999305805522703
32,16,1r_static,static,1,max-weight-drift,28,98.69321428571429,182.45535714285714,439.721975,21.928571428571427,0.7999640176827387
32,16,1r_static,static,1,pf-classic,28,96.5442857142857,182.50357142857143,438.5221535714286,21.928571428571427,0.7999305805522703
32,16,1r_static,static,1,risk-aware,28,96.5442857142857,182.50357142857143,438.5221535714286,21.928571428571427,0.7999305805522703
32,16,1r_static,static,1,round-robin,28,96.5442857142857,182.50357142857143,438.5221535714286,21.928571428571427,0.7999305805522703
32,32,1r_static,static,1,aoi-normalized,56,87.80857142857143,184.0125,454.46576607142856,21.482142857142858,0.8005916811974687
32,32,1r_static,static,1,aoi-pure,56,91.4342857142857,182.54375,454.53691785714284,21.875,0.8002741348022497
32,32,1r_static,static,1,max-weight-drift,56,81.66446428571429,182.5769642857143,449.0026785714286,21.839285714285715,0.8002844529108156
32,32,1r_static,static,1,pf-classic,56,76.97053571428572,186.82,456.24595714285715,21.25,0.8002936567508131
32,32,1r_static,static,1,risk-aware,56,92.625,182.54214285714286,455.8067732142857,21.892857142857142,0.8003771447695298
32,32,1r_static,static,1,round-robin,56,93.29535714285714,182.44839285714286,457.7724767857143,21.910714285714285,0.8003808396484953
32,62,1r_static,static,1,aoi-normalized,108,41.493425925925926,325.46842592592594,752.752237037037,11.88888888888889,0.8001186455041829
32,62,1r_static,static,1,aoi-pure,108,150.49351851851853,270.84527777777777,780.7766796296296,14.37037037037037,0.8003202634849113
32,62,1r_static,static,1,max-weight-drift,108,54.68435185185185,293.6614814814815,681.833937037037,13.851851851851851,0.80022199285266
32,62,1r_static,static,1,pf-classic,108,66.23046296296296,295.0126851851852,697.3104944444444,14.092592592592593,0.8002835035719403
32,62,1r_static,static,1,risk-aware,108,146.15898148148148,272.345462962963,762.5258305555556,14.287037037037036,0.8001505780580483
32,62,1r_static,static,1,round-robin,108,139.98222222222222,287.0221296296296,802.0761981481481,14.277777777777779,0.8001690137994201
1,2,2r_astar,risk_astar,2,aoi-normalized,2,59.5,252.43,570.76325,16,0.8120603015075377
1,2,2r_astar,risk_astar,2,aoi-pure,2,136.925,241.14999999999998,554.9268,16.5,0.8109858479251619
1,2,2r_astar,risk_astar,2,max-weight-drift,2,87.52,241.8,555.2268999999999,16.5,0.8124699085219066
1,2,2r_astar,risk_astar,2,pf-classic,2,64.57,263.8,588.3097,16,0.8125312031952072
1,2,2r_astar,risk_astar,2,risk-aware,2,141.065,241.065,554.7747999999999,16.5,0.8112257136003838
1,2,2r_astar,risk_astar,2,round-robin,2,106.92,258.48,573.74665,16.5,0.8113750899928006
1,4,2r_astar,risk_astar,2,aoi-normalized,6,61.769999999999996,453.99833333333333,987.7593833333333,7.666666666666667,0.8049848433816099
1,4,2r_astar,risk_astar,2,aoi-pure,6,294.535,450.4633333333333,1004.2366499999999,8.166666666666666,0.8039936102236421
1,4,2r_astar,risk_astar,2,max-weight-drift,6,65.50666666666666,457.6816666666667,992.4876333333334,8,0.8050847457627118
1,4,2r_astar,risk_astar,2,pf-classic,6,131.76166666666666,506.45166666666665,1019.9441166666667,8.166666666666666,0.8052159739201304
1,4,2r_astar,risk_astar,2,risk-aware,6,298.56166666666667,460.92,994.90815,8,0.8040562120728202
1,4,2r_astar,risk_astar,2,round-robin,6,240.31833333333333,520.0616666666666,1055.0756166666665,8.166666666666666,0.8046087373979837
1,8,2r_astar,risk_astar,2,aoi-normalized,14,64.66357142857143,705.7964285714286,1303.601707142857,3.7857142857142856,0.8040282269920611
1,8,2r_astar,risk_astar,2,aoi-pure,14,558.7692857142857,686.0264285714286,1482.6800785714286,3.857142857142857,0.8046276013143483
1,8,2r_astar,risk_astar,2,max-weight-drift,14,69.20714285714286,693.7378571428571,1296.513392857143,3.7857142857142856,0.8036529680365296
1,8,2r_astar,risk_astar,2,pf-classic,14,361.54714285714283,730.1642857142857,1355.13205,4.142857142857143,0.8058481152993349
1,8,2r_astar,risk_astar,2,risk-aware,14,519.7164285714285,684.8307142857143,1454.1117571428572,3.857142857142857,0.8043269889086677
1,8,2r_astar,risk_astar,2,round-robin,14,514.3542857142857,901.1828571428572,1634.0700142857143,4.142857142857143,0.8049382716049382
1,16,2r_astar,risk_astar,2,aoi-normalized,28,62.45321428571428,1206.902857142857,1701.145375,1.5714285714285714,0.8051232166018158
1,16,2r_astar,risk_astar,2,aoi-pure,28,946.1578571428571,1101.6525,2551.0348285714285,2,0.8047606311848088
1,16,2r_astar,risk_astar,2,max-weight-drift,28,73.28714285714285,1155.1932142857142,1663.975132142857,1.8214285714285714,0.8044269695645843
1,16,2r_astar,risk_astar,2,pf-classic,28,547.8632142857143,1118.7889285714286,2020.65935,2.107142857142857,0.8045589425411384
1,16,2r_astar,risk_astar,2,risk-aware,28,838.3960714285714,1136.5717857142856,2424.9364892857143,1.9285714285714286,0.8048421615837347
1,16,2r_astar,risk_astar,2,round-robin,28,736.9753571428571,1290.4667857142856,2390.848867857143,2.107142857142857,0.8042604501607717
1,32,2r_astar,risk_astar,2,aoi-normalized,56,21.653214285714284,1401,1839.5486732142856,0,0.8016627078384798
1,32,2r_astar,risk_astar,2,aoi-pure,56,1206.2278571428571,1301.2469642857143,4533.7213089285715,0.5535714285714286,0.8041661138383972
1,32,2r_astar,risk_astar,2,max-weight-drift,56,59.36642857142857,1317.8585714285714,1790.4930178571428,0.44642857142857145,0.8066825775656324
1,32,2r_astar,risk_astar,2,pf-classic,56,861.4385714285714,1331.6448214285713,3571.218430357143,1.0714285714285714,0.8041744216963573
1,32,2r_astar,risk_astar,2,risk-aware,56,850.5601785714285,1302.32125,3493.509082142857,0.5535714285714286,0.8041948758794637
1,32,2r_astar,risk_astar,2,round-robin,56,961.1210714285714,1400.411607142857,3845.286114285714,1,0.8038670374784797
1,62,2r_astar,risk_astar,2,aoi-normalized,108,31.846666666666668,1401,1846.8615203703703,0,0.798581560283688
1,62,2r_astar,risk_astar,2,aoi-pure,108,1301.1149074074074,1354.2693518518518,7807.868353703704,0.24074074074074073,0.8040288153681964
1,62,2r_astar,risk_astar,2,max-weight-drift,108,37.915277777777774,1387.275648148148,1840.1001796296296,0.08333333333333333,0.8010118043844857
1,62,2r_astar,risk_astar,2,pf-classic,108,1102.685462962963,1369.0303703703703,6711.870625,0.5555555555555556,0.80322879449517
1,62,2r_astar,risk_astar,2,risk-aware,108,806.1773148148148,1354.605925925926,5013.980887962963,0.24074074074074073,0.8039503536634192
1,62,2r_astar,risk_astar,2,round-robin,108,1245.1812962962963,1400.8462037037036,7421.9104870370375,0.3148148148148148,0.8042524916943522
2,2,2r_astar,risk_astar,2,aoi-normalized,2,86.98,182.655,426.27965,21.5,0.8071559633027523
2,2,2r_astar,risk_astar,2,aoi-pure,2,87.065,180.81,424.3364,22,0.8052205220522052
2,2,2r_astar,risk_astar,2,max-weight-drift,2,79.405,180.895,424.59659999999997,22,0.8053304520079236
2,2,2r_astar,risk_astar,2,pf-classic,2,83.63,185.58999999999997,434.65345,21,0.8061657744138823
2,2,2r_astar,risk_astar,2,risk-aware,2,87.065,180.81,424.3364,22,0.8052205220522052
2,2,2r_astar,risk_astar,2,round-robin,2,87.00999999999999,180.825,424.38275,22,0.8050755939524838
2,4,2r_astar,risk_astar,2,aoi-normalized,6,51.983333333333334,282.26166666666666,641.6723333333333,13.833333333333334,0.8061418520631298
2,4,2r_astar,risk_astar,2,aoi-pure,6,151.75666666666666,271.9483333333333,622.6425166666667,14.666666666666666,0.8053407660492717
2,4,2r_astar,risk_astar,2,max-weight-drift,6,64.4,274.365,624.1090333333333,14.333333333333334,0.8050525172039116
2,4,2r_astar,risk_astar,2,pf-classic,6,62.88666666666667,294.2633333333333,663.0624166666666,14.333333333333334,0.8055504502848742
2,4,2r_astar,risk_astar,2,risk-aware,6,158.71666666666667,270.12333333333333,610.1126666666667,14.333333333333334,0.8051037829095157
2,4,2r_astar,risk_astar,2,round-robin,6,140.92833333333334,283.38,635.1466166666667,14.666666666666666,0.8054180541805418
2,8,2r_astar,risk_astar,2,aoi-normalized,14,43.71285714285714,490.8178571428571,1045.204942857143,7,0.803474657315907
2,8,2r_astar,risk_astar,2,aoi-pure,14,310.48785714285714,453.09714285714284,1043.982942857143,7.857142857142857,0.8050481806414498
2,8,2r_astar,risk_astar,2,max-weight-drift,14,65.38857142857142,458.41214285714284,991.5617214285714,7.571428571428571,0.8053311793214862
2,8,2r_astar,risk_astar,2,pf-classic,14,159.19357142857143,494.24142857142857,1009.5594857142858,7.785714285714286,0.8043351760256037
2,8,2r_astar,risk_astar,2,risk-aware,14,306.14,447.7107142857143,1010.5916285714286,7.857142857142857,0.8049464375584154
2,8,2r_astar,risk_astar,2,round-robin,14,243.75714285714287,529.325,1098.5466142857142,7.785714285714286,0.8042632867636469
2,16,2r_astar,risk_astar,2,aoi-normalized,28,47.02107142857143,741.8103571428571,1342.5352892857143,3.392857142857143,0.8044566850275413
2,16,2r_astar,risk_astar,2,aoi-pure,28,541.9996428571428,691.445,1710.1257214285713,3.892857142857143,0.8031889413535893
2,16,2r_astar,risk_astar,2,max-weight-drift,28,65.45035714285714,698.3542857142858,1302.013517857143,3.8214285714285716,0.8036572248117605
2,16,2r_astar,risk_astar,2,pf-classic,28,352.3725,722.2885714285715,1450.4441392857143,4.071428571428571,0.8033443891652847
2,16,2r_astar,risk_astar,2,risk-aware,28,491.97535714285715,699.8878571428571,1646.0451535714285,3.892857142857143,0.8037255170524585
2,16,2r_astar,risk_astar,2,round-robin,28,476.07142857142856,920.1810714285714,1809.5529,4.107142857142857,0.8030178326474623
2,32,2r_astar,risk_astar,2,aoi-normalized,56,34.85089285714286,1280.8096428571428,1756.0013910714285,1.2142857142857142,0.8006776958341638
2,32,2r_astar,risk_astar,2,aoi-pure,56,953.5335714285715,1109.5248214285714,3612.3738214285713,2,0.8032885502305995
2,32,2r_astar,risk_astar,2,max-weight-drift,56,56.44642857142857,1197.58375,1699.0124375,1.75,0.8020477815699659
2,32,2r_astar,risk_astar,2,pf-classic,56,545.9289285714286,1106.337857142857,2462.283698214286,2.107142857142857,0.803776129467296
2,32,2r_astar,risk_astar,2,risk-aware,56,752.90125,1132.3421428571428,3070.02845,1.9642857142857142,0.8032633409121306
2,32,2r_astar,risk_astar,2,round-robin,56,764.3807142857142,1291.650357142857,3203.5574,2.0892857142857144,0.8035367405720409
2,62,2r_astar,risk_astar,2,aoi-normalized,108,18.49111111111111,1400.0037037037036,1840.814076851852,0.018518518518518517,0.7960396039603961
2,62,2r_astar,risk_astar,2,aoi-pure,108,1200.448425925926,1298.7762962962963,7205.960108333334,0.5648148148148148,0.8030867482703565
2,62,2r_astar,risk_astar,2,max-weight-drift,108,50.00907407407407,1327.522962962963,1808.1415916666667,0.4166666666666667,0.8043684710351378
2,62,2r_astar,risk_astar,2,pf-classic,108,839.3087962962964,1329.1962962962962,5185.669023148148,1.1018518518518519,0.803134378126042
2,62,2r_astar,risk_astar,2,risk-aware,108,775.7525925925926,1302.4194444444445,4801.363925925926,0.5555555555555556,0.8033157999866836
2,62,2r_astar,risk_astar,2,round-robin,108,977.8990740740741,1400.3735185185185,5928.50602962963,1,0.8030967570441254
4,2,2r_astar,risk_astar,2,aoi-normalized,2,87.00999999999999,180.825,424.38275,22,0.8050755939524838
4,2,2r_astar,risk_astar,2,aoi-pure,2,87.00999999999999,180.825,424.38275,22,0.8050755939524838
4,2,2r_astar,risk_astar,2,max-weight-drift,2,81.88499999999999,180.86,424.4865,22,0.8047858942065491
4,2,2r_astar,risk_astar,2,pf-classic,2,87.00999999999999,180.825,424.38275,22,0.8050755939524838
4,2,2r_astar,risk_astar,2,risk-aware,2,87.00999999999999,180.825,424.38275,22,0.8050755939524838
4,2,2r_astar,risk_astar,2,round-robin,2,87.00999999999999,180.825,424.38275,22,0.8050755939524838
4,4,2r_astar,risk_astar,2,aoi-normalized,6,75.89,183.74666666666667,427.84955,21.5,0.8049033993641477
4,4,2r_astar,risk_astar,2,aoi-pure,6,88.11166666666666,181.43,425.98408333333333,22,0.8049585784607997
4,4,2r_astar,risk_astar,2,max-weight-drift,6,81.47333333333333,181.725,426.97555,21.833333333333332,0.8046935958225797
4,4,2r_astar,risk_astar,2,pf-classic,6,72.24666666666667,186.32333333333332,436.4187,21.166666666666668,0.8051500030801454
4,4,2r_astar,risk_astar,2,risk-aware,6,87.745,181.63,426.8322166666667,22,0.8049351585014409
4,4,2r_astar,risk_astar,2,round-robin,6,94.78833333333333,181.49666666666667,426.1393166666667,22,0.804980498049805
4,8,2r_astar,risk_astar,2,aoi-normalized,14,43.246428571428574,319.09785714285715,724.1236142857143,12.214285714285714,0.8048061872755732
4,8,2r_astar,risk_astar,2,aoi-pure,14,151.21785714285713,275.7785714285714,638.6802857142857,14.071428571428571,0.8038510706295942
4,8,2r_astar,risk_astar,2,max-weight-drift,14,59.317142857142855,282.5207142857143,641.8139214285715,14,0.8040808080808081
4,8,2r_astar,risk_astar,2,pf-classic,14,66.69785714285715,303.0357142857143,681.2498428571429,13.785714285714286,0.8045201414576644
4,8,2r_astar,risk_astar,2,risk-aware,14,160.60999999999999,277.77142857142854,633.04365,14.071428571428571,0.8039865782535751
4,8,2r_astar,risk_astar,2,round-robin,14,138.40642857142856,293.1771428571429,664.2366142857143,14,0.8039443155452436
4,16,2r_astar,risk_astar,2,aoi-normalized,28,28.397142857142857,518.9232142857143,1084.3334107142857,6.214285714285714,0.802720785013381
4,16,2r_astar,risk_astar,2,aoi-pure,28,297.4175,441.51178571428574,1099.3094178571428,7.857142857142857,0.8031331967949409
4,16,2r_astar,risk_astar,2,max-weight-drift,28,60.875,461.38357142857143,996.9104964285714,7.607142857142857,0.8033602299104675
4,16,2r_astar,risk_astar,2,pf-classic,28,149.0142857142857,494.09714285714284,1031.9869357142857,7.714285714285714,0.8033554853469876
4,16,2r_astar,risk_astar,2,risk-aware,28,301.28785714285715,456.28214285714284,1102.2788607142857,7.821428571428571,0.8032916486991519
4,16,2r_astar,risk_astar,2,round-robin,28,254.01785714285714,535.555,1175.087225,7.714285714285714,0.8032338218877165
4,32,2r_astar,risk_astar,2,aoi-normalized,56,31.101785714285715,785.9510714285715,1379.4516535714286,3.0892857142857144,0.8014043932301045
4,32,2r_astar,risk_astar,2,aoi-pure,56,533.2673214285714,690.8746428571428,2166.4841375,3.857142857142857,0.8026833692713147
4,32,2r_astar,risk_astar,2,max-weight-drift,56,48.52303571428571,714.7646428571429,1317.8991589285715,3.6785714285714284,0.8026441776533844
4,32,2r_astar,risk_astar,2,pf-classic,56,358.14392857142855,717.7017857142857,1660.921442857143,4.071428571428571,0.8025688833644086
4,32,2r_astar,risk_astar,2,risk-aware,56,455.64392857142855,694.4219642857142,1939.14235,3.857142857142857,0.8027527647481768
4,32,2r_astar,risk_astar,2,round-robin,56,462.7108928571428,916.9555357142857,2189.619275,4.035714285714286,0.802647371489318
4,62,2r_astar,risk_astar,2,aoi-normalized,108,24.10972222222222,1310.6922222222222,1779.7149212962963,0.9444444444444444,0.8006680253623188
4,62,2r_astar,risk_astar,2,aoi-pure,108,938.8162962962963,1098.858425925926,5473.5566944444445,2.0555555555555554,0.8027573714400724
4,62,2r_astar,risk_astar,2,max-weight-drift,108,55.81157407407407,1197.5144444444445,1716.0700490740742,1.7407407407407407,0.8025782546605427
4,62,2r_astar,risk_astar,2,pf-classic,108,542.4076851851852,1082.7168518518517,3289.964992592593,2.1574074074074074,0.802747327107863
4,62,2r_astar,risk_astar,2,risk-aware,108,699.8042592592593,1122.556574074074,4190.932244444444,2.0277777777777777,0.8028537854624811
4,62,2r_astar,risk_astar,2,round-robin,108,812.6236111111111,1299.0730555555556,5070.582818518518,2.138888888888889,0.8024745318226137
8,2,2r_astar,risk_astar,2,aoi-normalized,2,87.00999999999999,180.825,424.38275,22,0.8050755939524838
8,2,2r_astar,risk_astar,2,aoi-pure,2,87.00999999999999,180.825,424.38275,22,0.8050755939524838
8,2,2r_astar,risk_astar,2,max-weight-drift,2,81.88499999999999,180.86,424.4865,22,0.8047858942065491
8,2,2r_astar,risk_astar,2,pf-classic,2,87.00999999999999,180.825,424.38275,22,0.8050755939524838
8,2,2r_astar,risk_astar,2,risk-aware,2,87.00999999999999,180.825,424.38275,22,0.8050755939524838
8,2,2r_astar,risk_astar,2,round-robin,2,87.00999999999999,180.825,424.38275,22,0.8050755939524838
8,4,2r_astar,risk_astar,2,aoi-normalized,6,100.165,181.39,427.2491166666667,22,0.8049556035517159
8,4,2r_astar,risk_astar,2,aoi-pure,6,100.165,181.39,427.2491166666667,22,0.8049556035517159
8,4,2r_astar,risk_astar,2,max-weight-drift,6,109.52333333333334,181.30833333333334,427.4838833333333,22,0.8051457358762145
8,4,2r_astar,risk_astar,2,pf-classic,6,100.165,181.39,427.2491166666667,22,0.8049556035517159
8,4,2r_astar,risk_astar,2,risk-aware,6,100.165,181.39,427.2491166666667,22,0.8049556035517159
8,4,2r_astar,risk_astar,2,round-robin,6,100.165,181.39,427.2491166666667,22,0.8049556035517159
8,8,2r_astar,risk_astar,2,aoi-normalized,14,81.56571428571428,183.8492857142857,429.18295714285716,21.5,0.8027829459395718
8,8,2r_astar,risk_astar,2,aoi-pure,14,87.825,181.9142857142857,428.0681,21.928571428571427,0.8033187548237716
8,8,2r_astar,risk_astar,2,max-weight-drift,14,75.84928571428571,181.88285714285715,427.4428142857143,21.857142857142858,0.8034133031301482
8,8,2r_astar,risk_astar,2,pf-classic,14,74.85214285714285,186.73785714285714,438.3925857142857,21.214285714285715,0.8031254949580275
8,8,2r_astar,risk_astar,2,risk-aware,14,87.70285714285714,181.71642857142857,427.47800714285717,22,0.8033339335785764
8,8,2r_astar,risk_astar,2,round-robin,14,89.26071428571429,181.56857142857143,427.56377142857144,22,0.8032095463429688
8,16,2r_astar,risk_astar,2,aoi-normalized,28,41.39107142857143,320.315,726.6448392857143,12,0.801884159106769
8,16,2r_astar,risk_astar,2,aoi-pure,28,153.26,276.6589285714286,664.1318678571429,13.964285714285714,0.8005433914016302
8,16,2r_astar,risk_astar,2,max-weight-drift,28,57.371428571428574,282.68357142857144,644.749225,13.678571428571429,0.8005229659058661
8,16,2r_astar,risk_astar,2,pf-classic,28,66.80107142857143,302.1764285714286,682.4108821428572,13.821428571428571,0.8010260985946911
8,16,2r_astar,risk_astar,2,risk-aware,28,157.1432142857143,278.43071428571426,653.7919607142857,14,0.8007430934260202
8,16,2r_astar,risk_astar,2,round-robin,28,150.71964285714284,293.3167857142857,693.7729535714286,14,0.8007721853244779
8,32,2r_astar,risk_astar,2,aoi-normalized,56,24.541607142857142,533.0207142857143,1105.9551946428571,6,0.8008850582701976
8,32,2r_astar,risk_astar,2,aoi-pure,56,297.41285714285715,447.71214285714285,1278.6441392857143,7.785714285714286,0.8003306260332064
8,32,2r_astar,risk_astar,2,max-weight-drift,56,43.956607142857145,476.3951785714286,1022.0746517857143,7.357142857142857,0.8004209576787191
8,32,2r_astar,risk_astar,2,pf-classic,56,144.62964285714287,493.03464285714284,1069.983675,7.714285714285714,0.8004723408120629
8,32,2r_astar,risk_astar,2,risk-aware,56,292.4298214285714,458.23321428571427,1254.603155357143,7.732142857142857,0.800424246782196
8,32,2r_astar,risk_astar,2,round-robin,56,281.4357142857143,538.2105357142857,1379.6264017857143,7.75,0.8005257377432887
8,62,2r_astar,risk_astar,2,aoi-normalized,108,20.703055555555554,807.9943518518519,1400.3413203703703,2.935185185185185,0.7996968808057103
8,62,2r_astar,risk_astar,2,aoi-pure,108,521.6538888888889,685.6358333333334,2979.0850212962964,3.9814814814814814,0.7999724929943095
8,62,2r_astar,risk_astar,2,max-weight-drift,108,40.003055555555555,710.8325,1320.0058166666668,3.75,0.7998036365009535
8,62,2r_astar,risk_astar,2,pf-classic,108,353.82064814814817,707.3517592592592,2043.7479916666666,4.203703703703703,0.7997849947115635
8,62,2r_astar,risk_astar,2,risk-aware,108,438.2515740740741,691.3962962962963,2471.1574666666666,4,0.8000584775205531
8,62,2r_astar,risk_astar,2,round-robin,108,457.7025,906.5625,2830.1112564814816,4.148148148148148,0.7999000706397202
16,2,2r_astar,risk_astar,2,aoi-normalized,2,87.00999999999999,180.825,424.38275,22,0.8050755939524838
16,2,2r_astar,risk_astar,2,aoi-pure,2,87.00999999999999,180.825,424.38275,22,0.8050755939524838
16,2,2r_astar,risk_astar,2,max-weight-drift,2,81.88499999999999,180.86,424.4865,22,0.8047858942065491
16,2,2r_astar,risk_astar,2,pf-classic,2,87.00999999999999,180.825,424.38275,22,0.8050755939524838
16,2,2r_astar,risk_astar,2,risk-aware,2,87.00999999999999,180.825,424.38275,22,0.8050755939524838
16,2,2r_astar,risk_astar,2,round-robin,2,87.00999999999999,180.825,424.38275,22,0.8050755939524838
16,4,2r_astar,risk_astar,2,aoi-normalized,6,100.165,181.39,427.2491166666667,22,0.8049556035517159
16,4,2r_astar,risk_astar,2,aoi-pure,6,100.165,181.39,427.2491166666667,22,0.8049556035517159
16,4,2r_astar,risk_astar,2,max-weight-drift,6,109.52333333333334,181.30833333333334,427.4838833333333,22,0.8051457358762145
16,4,2r_astar,risk_astar,2,pf-classic,6,100.165,181.39,427.2491166666667,22,0.8049556035517159
16,4,2r_astar,risk_astar,2,risk-aware,6,100.165,181.39,427.2491166666667,22,0.8049556035517159
16,4,2r_astar,risk_astar,2,round-robin,6,100.165,181.39,427.2491166666667,22,0.8049556035517159
16,8,2r_astar,risk_astar,2,aoi-normalized,14,93.8,181.54642857142858,428.5460142857143,22,0.8032500257122287
16,8,2r_astar,risk_astar,2,aoi-pure,14,93.8,181.54642857142858,428.5460142857143,22,0.8032500257122287
16,8,2r_astar,risk_astar,2,max-weight-drift,14,96.3092857142857,181.46714285714285,428.53682142857144,22,0.803320824551483
16,8,2r_astar,risk_astar,2,pf-classic,14,93.8,181.54642857142858,428.5460142857143,22,0.8032500257122287
16,8,2r_astar,risk_astar,2,risk-aware,14,93.8,181.54642857142858,428.5460142857143,22,0.8032500257122287
16,8,2r_astar,risk_astar,2,round-robin,14,93.8,181.54642857142858,428.5460142857143,22,0.8032500257122287
16,16,2r_astar,risk_astar,2,aoi-normalized,28,82.72071428571428,184.34428571428572,435.79132142857145,21.5,0.800086333193805
16,16,2r_astar,risk_astar,2,aoi-pure,28,87.88035714285714,182.62464285714285,435.76065,21.892857142857142,0.799593527308276
16,16,2r_astar,risk_astar,2,max-weight-drift,28,79.86071428571428,182.58464285714285,433.6958785714286,21.821428571428573,0.7996783531682213
16,16,2r_astar,risk_astar,2,pf-classic,28,77.21464285714286,187.04285714285714,443.01962142857144,21.178571428571427,0.799976275520291
16,16,2r_astar,risk_astar,2,risk-aware,28,87.75392857142857,182.57714285714286,435.8530107142857,21.785714285714285,0.7995986570447265
16,16,2r_astar,risk_astar,2,round-robin,28,93.11107142857144,182.4792857142857,436.87321071428573,21.892857142857142,0.7998585209003215
16,32,2r_astar,risk_astar,2,aoi-normalized,56,40.25053571428572,327.95535714285717,747.2181535714286,11.714285714285714,0.8019118174214362
16,32,2r_astar,risk_astar,2,aoi-pure,56,155.60285714285715,277.5439285714286,715.3389803571429,13.946428571428571,0.800739334598861
16,32,2r_astar,risk_astar,2,max-weight-drift,56,54.74017857142857,286.60285714285715,659.7167589285714,13.589285714285714,0.8005361984953822
16,32,2r_astar,risk_astar,2,pf-classic,56,67.39785714285715,302.5755357142857,693.7302999999999,13.821428571428571,0.8006420448216148
16,32,2r_astar,risk_astar,2,risk-aware,56,155.5742857142857,279.64285714285717,705.4358732142857,13.946428571428571,0.8007395193124469
16,32,2r_astar,risk_astar,2,round-robin,56,137.36482142857142,293.9057142857143,731.1236214285715,13.928571428571429,0.8003101240496199
16,62,2r_astar,risk_astar,2,aoi-normalized,108,23.91925925925926,545.1697222222223,1122.5016157407408,5.972222222222222,0.8001035670415955
16,62,2r_astar,risk_astar,2,aoi-pure,108,285.19694444444445,435.42462962962964,1522.2389416666667,8.018518518518519,0.7998190863862505
16,62,2r_astar,risk_astar,2,max-weight-drift,108,43.57851851851852,468.27157407407407,1016.6633888888889,7.527777777777778,0.7997546035611018
16,62,2r_astar,risk_astar,2,pf-classic,108,139.98981481481482,483.2696296296296,1126.2662351851852,7.935185185185185,0.7999323725359385
16,62,2r_astar,risk_astar,2,risk-aware,108,261.65842592592594,441.83629629629627,1418.1004398148148,7.981481481481482,0.7998371040723982
16,62,2r_astar,risk_astar,2,round-robin,108,261.19064814814817,522.2658333333334,1575.2621296296297,7.944444444444445,0.7998713173658121
32,2,2r_astar,risk_astar,2,aoi-normalized,2,87.00999999999999,180.825,424.38275,22,0.8050755939524838
32,2,2r_astar,risk_astar,2,aoi-pure,2,87.00999999999999,180.825,424.38275,22,0.8050755939524838
32,2,2r_astar,risk_astar,2,max-weight-drift,2,81.88499999999999,180.86,424.4865,22,0.8047858942065491
32,2,2r_astar,risk_astar,2,pf-classic,2,87.00999999999999,180.825,424.38275,22,0.8050755939524838
32,2,2r_astar,risk_astar,2,risk-aware,2,87.00999999999999,180.825,424.38275,22,0.8050755939524838
32,2,2r_astar,risk_astar,2,round-robin,2,87.00999999999999,180.825,424.38275,22,0.8050755939524838
32,4,2r_astar,risk_astar,2,aoi-normalized,6,100.165,181.39,427.2491166666667,22,0.8049556035517159
32,4,2r_astar,risk_astar,2,aoi-pure,6,100.165,181.39,427.2491166666667,22,0.8049556035517159
32,4,2r_astar,risk_astar,2,max-weight-drift,6,109.52333333333334,181.30833333333334,427.4838833333333,22,0.8051457358762145
32,4,2r_astar,risk_astar,2,pf-classic,6,100.165,181.39,427.2491166666667,22,0.8049556035517159
32,4,2r_astar,risk_astar,2,risk-aware,6,100.165,181.39,427.2491166666667,22,0.8049556035517159
32,4,2r_astar,risk_astar,2,round-robin,6,100.165,181.39,427.2491166666667,22,0.8049556035517159
32,8,2r_astar,risk_astar,2,aoi-normalized,14,93.8,181.54642857142858,428.5460142857143,22,0.8032500257122287
32,8,2r_astar,risk_astar,2,aoi-pure,14,93.8,181.54642857142858,428.5460142857143,22,0.8032500257122287
32,8,2r_astar,risk_astar,2,max-weight-drift,14,96.3092857142857,181.46714285714285,428.53682142857144,22,0.803320824551483
32,8,2r_astar,risk_astar,2,pf-classic,14,93.8,181.54642857142858,428.5460142857143,22,0.8032500257122287
32,8,2r_astar,risk_astar,2,risk-aware,14,93.8,181.54642857142858,428.5460142857143,22,0.8032500257122287
32,8,2r_astar,risk_astar,2,round-robin,14,93.8,181.54642857142858,428.5460142857143,22,0.8032500257122287
32,16,2r_astar,risk_astar,2,aoi-normalized,28,96.5442857142857,182.50357142857143,438.5217464285714,21.928571428571427,0.7999305805522703
32,16,2r_astar,risk_astar,2,aoi-pure,28,96.5442857142857,182.50357142857143,438.5217464285714,21.928571428571427,0.7999305805522703
32,16,2r_astar,risk_astar,2,max-weight-drift,28,98.69321428571429,182.45535714285714,439.80619285714283,21.928571428571427,0.7999640176827387
32,16,2r_astar,risk_astar,2,pf-classic,28,96.5442857142857,182.50357142857143,438.5217464285714,21.928571428571427,0.7999305805522703
32,16,2r_astar,risk_astar,2,risk-aware,28,96.5442857142857,182.50357142857143,438.5217464285714,21.928571428571427,0.7999305805522703
32,16,2r_astar,risk_astar,2,round-robin,28,96.5442857142857,182.50357142857143,438.5217464285714,21.928571428571427,0.7999305805522703
32,32,2r_astar,risk_astar,2,aoi-normalized,56,87.67517857142857,184.08910714285713,454.86267857142855,21.517857142857142,0.8003972973326189
32,32,2r_astar,risk_astar,2,aoi-pure,56,94.58553571428571,182.43339285714285,457.48125714285715,21.857142857142858,0.8004336440901516
32,32,2r_astar,risk_astar,2,max-weight-drift,56,81.14660714285714,182.57392857142858,449.1456625,21.821428571428573,0.8003050546395335
32,32,2r_astar,risk_astar,2,pf-classic,56,77.28267857142858,186.75571428571428,456.7629982142857,21.232142857142858,0.8001895559914173
32,32,2r_astar,risk_astar,2,risk-aware,56,94.12125,182.56767857142856,457.63124285714287,21.803571428571427,0.8003757390929503
32,32,2r_astar,risk_astar,2,round-robin,56,93.86035714285714,182.49607142857144,457.745225,21.839285714285715,0.8004051837797859
32,62,2r_astar,risk_astar,2,aoi-normalized,108,42.77814814814815,324.0351851851852,751.9884657407407,11.907407407407407,0.8007147298333304
32,62,2r_astar,risk_astar,2,aoi-pure,108,151.45435185185184,271.26222222222225,787.1462111111111,14.351851851851851,0.800303037955504
32,62,2r_astar,risk_astar,2,max-weight-drift,108,54.761574074074076,294.08296296296294,682.9445972222222,13.824074074074074,0.8003886413099803
32,62,2r_astar,risk_astar,2,pf-classic,108,66.52703703703703,295.1249074074074,698.9247638888888,14.12037037037037,0.8003039575892171
32,62,2r_astar,risk_astar,2,risk-aware,108,146.7375925925926,272.94675925925924,766.9514925925926,14.342592592592593,0.8003375459198885
32,62,2r_astar,risk_astar,2,round-robin,108,146.21759259259258,286.4674074074074,821.9804222222223,14.305555555555555,0.8002498899775908
1,2,2r_static,static,2,aoi-normalized,2,59.5,252.43,570.88805,16,0.8120603015075377
1,2,2r_static,static,2,aoi-pure,2,136.925,241.14999999999998,555.5387499999999,16.5,0.8109858479251619
1,2,2r_static,static,2,max-weight-drift,2,87.52,241.8,555.4896000000001,16.5,0.8124699085219066
1,2,2r_static,static,2,pf-classic,2,64.57,263.8,588.4857,16,0.8125312031952072
1,2,2r_static,static,2,risk-aware,2,141.065,241.065,555.384,16.5,0.8112257136003838
1,2,2r_static,static,2,round-robin,2,106.92,258.48,574.07585,16.5,0.8113750899928006
1,4,2r_static,static,2,aoi-normalized,6,61.769999999999996,453.99833333333333,987.8964,7.666666666666667,0.8049848433816099
1,4,2r_static,static,2,aoi-pure,6,294.535,450.4633333333333,1004.26395,8.166666666666666,0.8039936102236421
1,4,2r_static,static,2,max-weight-drift,6,65.50666666666666,457.6816666666667,992.6297999999999,8,0.8050847457627118
1,4,2r_static,static,2,pf-classic,6,128.6,509.395,1027.1219333333333,8.166666666666666,0.8049217731421121
1,4,2r_static,static,2,risk-aware,6,298.56166666666667,460.92,994.6965833333334,8,0.8040562120728202
1,4,2r_static,static,2,round-robin,6,240.31833333333333,520.0616666666666,1055.3826166666668,8.166666666666666,0.8046087373979837
1,8,2r_static,static,2,aoi-normalized,14,64.66357142857143,705.7964285714286,1303.7391857142857,3.7857142857142856,0.8040282269920611
1,8,2r_static,static,2,aoi-pure,14,558.7692857142857,686.0264285714286,1475.6127357142857,3.857142857142857,0.8046276013143483
1,8,2r_static,static,2,max-weight-drift,14,69.20714285714286,693.7378571428571,1296.654592857143,3.7857142857142856,0.8036529680365296
1,8,2r_static,static,2,pf-classic,14,368.21285714285716,727.0564285714286,1351.4358071428571,4.142857142857143,0.8051211072664359
1,8,2r_static,static,2,risk-aware,14,521.4685714285714,684.7592857142857,1448.2024285714285,3.857142857142857,0.8042168674698795
1,8,2r_static,static,2,round-robin,14,514.3542857142857,901.1828571428572,1629.1324071428571,4.142857142857143,0.8049382716049382
1,16,2r_static,static,2,aoi-normalized,28,62.45321428571428,1206.902857142857,1701.0226,1.5714285714285714,0.8051232166018158
1,16,2r_static,static,2,aoi-pure,28,946.1578571428571,1101.6525,2528.717325,2,0.8047606311848088
1,16,2r_static,static,2,max-weight-drift,28,73.28714285714285,1155.1932142857142,1663.8634035714285,1.8214285714285714,0.8044269695645843
1,16,2r_static,static,2,pf-classic,28,557.5689285714286,1111.7314285714285,2011.398107142857,2.107142857142857,0.8038528896672504
1,16,2r_static,static,2,risk-aware,28,841.6171428571429,1136.5332142857144,2410.6284285714287,1.9285714285714286,0.8047345191921894
1,16,2r_static,static,2,round-robin,28,736.9753571428571,1290.4667857142856,2371.5426285714284,2.107142857142857,0.8042604501607717
1,32,2r_static,static,2,aoi-normalized,56,21.645357142857144,1400.75,1839.1951625,0,0.8023809523809524
1,32,2r_static,static,2,aoi-pure,56,1206.04875,1301.045357142857,4470.520848214286,0.5535714285714286,0.8042468480424685
1,32,2r_static,static,2,max-weight-drift,56,59.35732142857143,1317.6491071428572,1789.913569642857,0.44642857142857145,0.8065121036481419
1,32,2r_static,static,2,pf-classic,56,804.6091071428572,1339.3746428571428,3345.783748214286,1.0714285714285714,0.8035904255319148
1,32,2r_static,static,2,risk-aware,56,844.7294642857144,1295.8876785714285,3425.471432142857,0.5535714285714286,0.8042756606028416
1,32,2r_static,static,2,round-robin,56,961.3067857142858,1400.1617857142858,3783.934607142857,1,0.8039735099337748
1,62,2r_static,static,2,aoi-normalized,108,31.83537037037037,1400.5185185185185,1845.9768935185184,0,0.801994301994302
1,62,2r_static,static,2,aoi-pure,108,1300.6650925925926,1353.8211111111111,7670.730450925926,0.24074074074074073,0.8040288153681964
1,62,2r_static,static,2,max-weight-drift,108,37.90324074074074,1386.8100925925926,1839.2056064814815,0.08333333333333333,0.8006742520016856
1,62,2r_static,static,2,pf-classic,108,1095.660648148148,1371.4739814814814,6564.050532407407,0.5555555555555556,0.8040021203286509
1,62,2r_static,static,2,risk-aware,108,804.0551851851852,1354.151388888889,4909.853178703704,0.24074074074074073,0.8035214085634254
1,62,2r_static,static,2,round-robin,108,1245.6224074074073,1400.3647222222223,7294.760921296296,0.3148148148148148,0.8045182724252492
2,2,2r_static,static,2,aoi-normalized,2,86.98,182.655,426.50995,21.5,0.8071559633027523
2,2,2r_static,static,2,aoi-pure,2,87.065,180.81,424.5004,22,0.8052205220522052
2,2,2r_static,static,2,max-weight-drift,2,79.405,180.895,424.80724999999995,22,0.8053304520079236
2,2,2r_static,static,2,pf-classic,2,83.63,185.58999999999997,434.86725,21,0.8061657744138823
2,2,2r_static,static,2,risk-aware,2,87.065,180.81,424.5004,22,0.8052205220522052
2,2,2r_static,static,2,round-robin,2,87.00999999999999,180.825,424.5569,22,0.8050755939524838
2,4,2r_static,static,2,aoi-normalized,6,51.983333333333334,282.26166666666666,641.7745333333334,13.833333333333334,0.8061418520631298
2,4,2r_static,static,2,aoi-pure,6,151.75666666666666,271.9483333333333,623.1493833333334,14.666666666666666,0.8053407660492717
2,4,2r_static,static,2,max-weight-drift,6,64.4,274.365,624.2478666666666,14.333333333333334,0.8050525172039116
2,4,2r_static,static,2,pf-classic,6,62.88666666666667,294.2633333333333,663.1928333333334,14.333333333333334,0.8055504502848742
2,4,2r_static,static,2,risk-aware,6,158.71666666666667,270.12333333333333,610.49065,14.333333333333334,0.8051037829095157
2,4,2r_static,static,2,round-robin,6,140.92833333333334,283.38,635.7398333333333,14.666666666666666,0.8054180541805418
2,8,2r_static,static,2,aoi-normalized,14,43.71285714285714,490.8178571428571,1045.2838642857143,7,0.803474657315907
2,8,2r_static,static,2,aoi-pure,14,310.48785714285714,453.09714285714284,1042.1239285714287,7.857142857142857,0.8050481806414498
2,8,2r_static,static,2,max-weight-drift,14,65.38857142857142,458.41214285714284,991.7024214285714,7.571428571428571,0.8053311793214862
2,8,2r_static,static,2,pf-classic,14,158.95714285714286,494.55785714285713,1009.6882571428571,7.714285714285714,0.8042227884965417
2,8,2r_static,static,2,risk-aware,14,306.14142857142855,447.7107142857143,1008.9031928571428,7.857142857142857,0.8049464375584154
2,8,2r_static,static,2,round-robin,14,243.75714285714287,529.325,1097.4001857142857,7.785714285714286,0.8042632867636469
2,16,2r_static,static,2,aoi-normalized,28,47.02107142857143,741.8103571428571,1342.4765678571428,3.392857142857143,0.8044566850275413
2,16,2r_static,static,2,aoi-pure,28,541.9996428571428,691.445,1694.9685392857143,3.892857142857143,0.8031889413535893
2,16,2r_static,static,2,max-weight-drift,28,65.45035714285714,698.3542857142858,1301.9204035714286,3.8214285714285716,0.8036572248117605
2,16,2r_static,static,2,pf-classic,28,356.74892857142856,720.7942857142857,1446.294457142857,4.035714285714286,0.8032186766127918
2,16,2r_static,static,2,risk-aware,28,492.75357142857143,699.9185714285715,1634.1485107142857,3.892857142857143,0.8035604245121534
2,16,2r_static,static,2,round-robin,28,476.07142857142856,920.1810714285714,1797.7266535714286,4.107142857142857,0.8030178326474623
2,32,2r_static,static,2,aoi-normalized,56,34.85821428571428,1280.6114285714286,1755.5286642857143,1.2142857142857142,0.8006979062811566
2,32,2r_static,static,2,aoi-pure,56,953.4119642857142,1109.4475,3566.143239285714,2,0.8031143487268596
2,32,2r_static,static,2,max-weight-drift,56,56.44339285714286,1197.4503571428572,1698.3439714285714,1.75,0.8019111178522675
2,32,2r_static,static,2,pf-classic,56,544.0128571428571,1097.7473214285715,2406.241289285714,2.0892857142857144,0.8035064059339178
2,32,2r_static,static,2,risk-aware,56,753.7798214285714,1132.9769642857143,3032.7767464285716,1.9642857142857142,0.80342452009899
2,32,2r_static,static,2,round-robin,56,763.7364285714285,1291.5139285714286,3160.2137839285715,2.0892857142857144,0.8033896034297964
2,62,2r_static,static,2,aoi-normalized,108,18.588981481481483,1399.4592592592592,1840.1085416666667,0.018518518518518517,0.7949804432855281
2,62,2r_static,static,2,aoi-pure,108,1199.4621296296298,1298.5996296296296,7079.101499074074,0.5648148148148148,0.8030605455755156
2,62,2r_static,static,2,max-weight-drift,108,46.46888888888889,1327.1705555555557,1803.9032027777778,0.3888888888888889,0.8006879419071279
2,62,2r_static,static,2,pf-classic,108,830.6314814814815,1329.2008333333333,5036.70687037037,1.1018518518518519,0.8030797946803546
2,62,2r_static,static,2,risk-aware,108,772.5777777777778,1302.6038888888888,4699.282232407408,0.5555555555555556,0.803009120564543
2,62,2r_static,static,2,round-robin,108,964.3919444444444,1399.891851851852,5810.993358333333,1,0.8031501295939389
4,2,2r_static,static,2,aoi-normalized,2,87.00999999999999,180.825,424.5569,22,0.8050755939524838
4,2,2r_static,static,2,aoi-pure,2,87.00999999999999,180.825,424.5569,22,0.8050755939524838
4,2,2r_static,static,2,max-weight-drift,2,81.88499999999999,180.86,424.66145,22,0.8047858942065491
4,2,2r_static,static,2,pf-classic,2,87.00999999999999,180.825,424.5569,22,0.8050755939524838
4,2,2r_static,static,2,risk-aware,2,87.00999999999999,180.825,424.5569,22,0.8050755939524838
4,2,2r_static,static,2,round-robin,2,87.00999999999999,180.825,424.5569,22,0.8050755939524838
4,4,2r_static,static,2,aoi-normalized,6,75.89,183.74666666666667,428.06573333333336,21.5,0.8049033993641477
4,4,2r_static,static,2,aoi-pure,6,88.11166666666666,181.43,426.25531666666666,22,0.8049585784607997
4,4,2r_static,static,2,max-weight-drift,6,81.47333333333333,181.725,427.23353333333336,21.833333333333332,0.8046935958225797
4,4,2r_static,static,2,pf-classic,6,72.24666666666667,186.32333333333332,436.61046666666664,21.166666666666668,0.8051500030801454
4,4,2r_static,static,2,risk-aware,6,87.745,181.63,427.1105166666667,22,0.8049351585014409
4,4,2r_static,static,2,round-robin,6,94.78833333333333,181.49666666666667,426.4848666666667,22,0.804980498049805
4,8,2r_static,static,2,aoi-normalized,14,43.246428571428574,319.09785714285715,724.1939428571428,12.214285714285714,0.8048061872755732
4,8,2r_static,static,2,aoi-pure,14,151.21785714285713,275.7785714285714,638.4862571428571,14.071428571428571,0.8038510706295942
4,8,2r_static,static,2,max-weight-drift,14,59.317142857142855,282.5207142857143,641.9307357142857,14,0.8040808080808081
4,8,2r_static,static,2,pf-classic,14,65.43642857142856,303.4378571428571,682.6547428571429,13.785714285714286,0.8038968434754312
4,8,2r_static,static,2,risk-aware,14,156.83642857142857,278.1328571428571,633.2027642857142,14.071428571428571,0.8041150619256892
4,8,2r_static,static,2,round-robin,14,138.40642857142856,293.1771428571429,664.0957285714286,14,0.8039443155452436
4,16,2r_static,static,2,aoi-normalized,28,28.397142857142857,518.9232142857143,1084.3328607142857,6.214285714285714,0.802720785013381
4,16,2r_static,static,2,aoi-pure,28,297.4175,441.51178571428574,1094.6677785714287,7.857142857142857,0.8031331967949409
4,16,2r_static,static,2,max-weight-drift,28,60.875,461.38357142857143,996.8171464285714,7.607142857142857,0.8033602299104675
4,16,2r_static,static,2,pf-classic,28,150.32142857142858,493.2971428571429,1028.308,7.821428571428571,0.8035247093023256
4,16,2r_static,static,2,risk-aware,28,298.2578571428571,456.3507142857143,1095.2087714285715,7.785714285714286,0.803393608225186
4,16,2r_static,static,2,round-robin,28,254.01785714285714,535.555,1171.2263928571429,7.714285714285714,0.8032338218877165
4,32,2r_static,static,2,aoi-normalized,56,25.864821428571428,792.3171428571428,1382.8591357142857,3.017857142857143,0.8009504913948231
4,32,2r_static,static,2,aoi-pure,56,533.3717857142857,690.82,2135.5719321428573,3.875,0.8028279923308682
4,32,2r_static,static,2,max-weight-drift,56,48.4,715.0151785714286,1317.61875,3.6785714285714284,0.802366296855995
4,32,2r_static,static,2,pf-classic,56,354.19392857142856,719.0608928571429,1635.5749767857144,4.053571428571429,0.8032911567447971
4,32,2r_static,static,2,risk-aware,56,456.0678571428571,696.7291071428572,1916.7657732142857,3.9285714285714284,0.802732502396932
4,32,2r_static,static,2,round-robin,56,463.84017857142857,916.8060714285714,2167.191707142857,4.035714285714286,0.8025241786130736
4,62,2r_static,static,2,aoi-normalized,108,21.403703703703705,1314.1456481481482,1779.3677333333333,0.8981481481481481,0.8032073310423826
4,62,2r_static,static,2,aoi-pure,108,934.2242592592593,1095.8412037037037,5355.270202777778,2.0462962962962963,0.8024952208471677
4,62,2r_static,static,2,max-weight-drift,108,60.28231481481482,1180.6935185185184,1705.6010851851852,1.7962962962962963,0.8027498677948176
4,62,2r_static,static,2,pf-classic,108,541.492962962963,1077.1293518518519,3183.1112351851853,2.1481481481481484,0.8026186690124167
4,62,2r_static,static,2,risk-aware,108,698.6189814814815,1115.4175,4100.36547962963,2.037037037037037,0.8027327357572095
4,62,2r_static,static,2,round-robin,108,793.1351851851852,1296.967037037037,4812.279508333333,2.138888888888889,0.8023204977299478
8,2,2r_static,static,2,aoi-normalized,2,87.00999999999999,180.825,424.5569,22,0.8050755939524838
8,2,2r_static,static,2,aoi-pure,2,87.00999999999999,180.825,424.5569,22,0.8050755939524838
8,2,2r_static,static,2,max-weight-drift,2,81.88499999999999,180.86,424.66145,22,0.8047858942065491
8,2,2r_static,static,2,pf-classic,2,87.00999999999999,180.825,424.5569,22,0.8050755939524838
8,2,2r_static,static,2,risk-aware,2,87.00999999999999,180.825,424.5569,22,0.8050755939524838
8,2,2r_static,static,2,round-robin,2,87.00999999999999,180.825,424.5569,22,0.8050755939524838
8,4,2r_static,static,2,aoi-normalized,6,100.165,181.39,427.53408333333334,22,0.8049556035517159
8,4,2r_static,static,2,aoi-pure,6,100.165,181.39,427.53408333333334,22,0.8049556035517159
8,4,2r_static,static,2,max-weight-drift,6,109.52333333333334,181.30833333333334,427.80781666666667,22,0.8051457358762145
8,4,2r_static,static,2,pf-classic,6,100.165,181.39,427.53408333333334,22,0.8049556035517159
8,4,2r_static,static,2,risk-aware,6,100.165,181.39,427.53408333333334,22,0.8049556035517159
8,4,2r_static,static,2,round-robin,6,100.165,181.39,427.53408333333334,22,0.8049556035517159
8,8,2r_static,static,2,aoi-normalized,14,81.56571428571428,183.8492857142857,429.34826428571427,21.5,0.8027829459395718
8,8,2r_static,static,2,aoi-pure,14,87.825,181.9142857142857,428.26650714285717,21.928571428571427,0.8033187548237716
8,8,2r_static,static,2,max-weight-drift,14,75.84928571428571,181.88285714285715,427.6297142857143,21.857142857142858,0.8034133031301482
8,8,2r_static,static,2,pf-classic,14,73.295,186.665,438.17415714285715,21.285714285714285,0.8031047045778552
8,8,2r_static,static,2,risk-aware,14,87.70285714285714,181.71642857142857,427.6345714285714,22,0.8033339335785764
8,8,2r_static,static,2,round-robin,14,89.26071428571429,181.56857142857143,427.69572857142856,22,0.8032095463429688
8,16,2r_static,static,2,aoi-normalized,28,41.39107142857143,320.315,726.6484428571429,12,0.801884159106769
8,16,2r_static,static,2,aoi-pure,28,153.26,276.6589285714286,663.1087535714286,13.964285714285714,0.8005433914016302
8,16,2r_static,static,2,max-weight-drift,28,57.371428571428574,282.68357142857144,644.7138821428572,13.678571428571429,0.8005229659058661
8,16,2r_static,static,2,pf-classic,28,68.59107142857142,301.2832142857143,681.3639607142857,13.857142857142858,0.8010583727012834
8,16,2r_static,static,2,risk-aware,28,156.10607142857143,278.9407142857143,653.5232035714286,14.035714285714286,0.8006472621211819
8,16,2r_static,static,2,round-robin,28,150.71964285714284,293.3167857142857,692.4673178571428,14,0.8007721853244779
8,32,2r_static,static,2,aoi-normalized,56,24.176964285714284,537.5058928571428,1110.3411982142857,5.964285714285714,0.7998514322856214
8,32,2r_static,static,2,aoi-pure,56,297.8769642857143,448.14160714285714,1268.8352339285714,7.785714285714286,0.8002371711944803
8,32,2r_static,static,2,max-weight-drift,56,45.19517857142857,475.1664285714286,1020.6477821428572,7.357142857142857,0.7995319228608875
8,32,2r_static,static,2,pf-classic,56,147.38232142857143,494.1830357142857,1072.9719660714286,7.732142857142857,0.8004575911096584
8,32,2r_static,static,2,risk-aware,56,294.07,452.4998214285714,1241.2478053571429,7.803571428571429,0.8004673737192163
8,32,2r_static,static,2,round-robin,56,276.85017857142856,536.9710714285715,1346.8187125,7.714285714285714,0.800561797752809
8,62,2r_static,static,2,aoi-normalized,108,19.573333333333334,837.0962037037037,1421.0999620370371,2.888888888888889,0.7995572249446531
8,62,2r_static,static,2,aoi-pure,108,520.3806481481481,684.1486111111111,2908.626799074074,3.990740740740741,0.8001960379694594
8,62,2r_static,static,2,max-weight-drift,108,39.36814814814815,716.4872222222223,1325.5641601851853,3.712962962962963,0.7997510532363079
8,62,2r_static,static,2,pf-classic,108,349.49888888888887,705.7131481481481,1986.822325,4.194444444444445,0.8001144978575022
8,62,2r_static,static,2,risk-aware,108,436.4760185185185,690.6568518518518,2414.5032962962964,4.074074074074074,0.7998830630599646
8,62,2r_static,static,2,round-robin,108,485.4025925925926,905.0480555555556,2915.1803638888887,4.166666666666667,0.8004169466411675
16,2,2r_static,static,2,aoi-normalized,2,87.00999999999999,180.825,424.5569,22,0.8050755939524838
16,2,2r_static,static,2,aoi-pure,2,87.00999999999999,180.825,424.5569,22,0.8050755939524838
16,2,2r_static,static,2,max-weight-drift,2,81.88499999999999,180.86,424.66145,22,0.8047858942065491
16,2,2r_static,static,2,pf-classic,2,87.00999999999999,180.825,424.5569,22,0.8050755939524838
16,2,2r_static,static,2,risk-aware,2,87.00999999999999,180.825,424.5569,22,0.8050755939524838
16,2,2r_static,static,2,round-robin,2,87.00999999999999,180.825,424.5569,22,0.8050755939524838
16,4,2r_static,static,2,aoi-normalized,6,100.165,181.39,427.53408333333334,22,0.8049556035517159
16,4,2r_static,static,2,aoi-pure,6,100.165,181.39,427.53408333333334,22,0.8049556035517159
16,4,2r_static,static,2,max-weight-drift,6,109.52333333333334,181.30833333333334,427.80781666666667,22,0.8051457358762145
16,4,2r_static,static,2,pf-classic,6,100.165,181.39,427.53408333333334,22,0.8049556035517159
16,4,2r_static,static,2,risk-aware,6,100.165,181.39,427.53408333333334,22,0.8049556035517159
16,4,2r_static,static,2,round-robin,6,100.165,181.39,427.53408333333334,22,0.8049556035517159
16,8,2r_static,static,2,aoi-normalized,14,93.8,181.54642857142858,428.63912142857146,22,0.8032500257122287
16,8,2r_static,static,2,aoi-pure,14,93.8,181.54642857142858,428.63912142857146,22,0.8032500257122287
16,8,2r_static,static,2,max-weight-drift,14,96.3092857142857,181.46714285714285,428.62719285714286,22,0.803320824551483
16,8,2r_static,static,2,pf-classic,14,93.8,181.54642857142858,428.63912142857146,22,0.8032500257122287
16,8,2r_static,static,2,risk-aware,14,93.8,181.54642857142858,428.63912142857146,22,0.8032500257122287
16,8,2r_static,static,2,round-robin,14,93.8,181.54642857142858,428.63912142857146,22,0.8032500257122287
16,16,2r_static,static,2,aoi-normalized,28,82.72071428571428,184.34428571428572,435.6858535714286,21.5,0.800086333193805
16,16,2r_static,static,2,aoi-pure,28,87.88035714285714,182.62464285714285,435.6188,21.892857142857142,0.799593527308276
16,16,2r_static,static,2,max-weight-drift,28,79.86071428571428,182.58464285714285,433.62253214285715,21.821428571428573,0.7996783531682213
16,16,2r_static,static,2,pf-classic,28,76.375,187.08285714285714,442.6497142857143,21.178571428571427,0.8000474414559255
16,16,2r_static,static,2,risk-aware,28,87.75392857142857,182.57714285714286,435.6867142857143,21.785714285714285,0.7995986570447265
16,16,2r_static,static,2,round-robin,28,93.11107142857144,182.4792857142857,436.66605,21.892857142857142,0.7998585209003215
16,32,2r_static,static,2,aoi-normalized,56,40.53035714285714,328.4694642857143,748.9956875,11.642857142857142,0.8008376488556905
16,32,2r_static,static,2,aoi-pure,56,154.94767857142858,277.48607142857145,712.1051142857143,13.910714285714286,0.8006754731309579
16,32,2r_static,static,2,max-weight-drift,56,54.738571428571426,286.63892857142855,660.7999535714285,13.571428571428571,0.8007266714975353
16,32,2r_static,static,2,pf-classic,56,66.18982142857143,302.67910714285716,692.9556964285714,13.785714285714286,0.8007273906128114
16,32,2r_static,static,2,risk-aware,56,154.41446428571427,279.2375,701.2128232142857,13.982142857142858,0.8007374911311195
16,32,2r_static,static,2,round-robin,56,143.32857142857142,293.6351785714286,733.3118232142857,13.928571428571429,0.8005342831700801
16,62,2r_static,static,2,aoi-normalized,108,23.985833333333332,544.759537037037,1121.1589898148147,5.962962962962963,0.7993653922428817
16,62,2r_static,static,2,aoi-pure,108,285.11305555555555,434.23083333333335,1500.7678333333333,8.018518518518519,0.7998245106198213
16,62,2r_static,static,2,max-weight-drift,108,40.21111111111111,473.64722222222224,1020.9779648148149,7.462962962962963,0.7996706968017384
16,62,2r_static,static,2,pf-classic,108,141.21740740740742,483.50981481481483,1125.5943222222222,7.962962962962963,0.8000475359033193
16,62,2r_static,static,2,risk-aware,108,260.55935185185183,442.17777777777775,1396.6422962962963,7.972222222222222,0.7999149113358015
16,62,2r_static,static,2,round-robin,108,270.42935185185183,523.4794444444444,1615.4858722222223,7.935185185185185,0.7999147840591797
32,2,2r_static,static,2,aoi-normalized,2,87.00999999999999,180.825,424.5569,22,0.8050755939524838
32,2,2r_static,static,2,aoi-pure,2,87.00999999999999,180.825,424.5569,22,0.8050755939524838
32,2,2r_static,static,2,max-weight-drift,2,81.88499999999999,180.86,424.66145,22,0.8047858942065491
32,2,2r_static,static,2,pf-classic,2,87.00999999999999,180.825,424.5569,22,0.8050755939524838
32,2,2r_static,static,2,risk-aware,2,87.00999999999999,180.825,424.5569,22,0.8050755939524838
32,2,2r_static,static,2,round-robin,2,87.00999999999999,180.825,424.5569,22,0.8050755939524838
32,4,2r_static,static,2,aoi-normalized,6,100.165,181.39,427.53408333333334,22,0.8049556035517159
32,4,2r_static,static,2,aoi-pure,6,100.165,181.39,427.53408333333334,22,0.8049556035517159
32,4,2r_static,static,2,max-weight-drift,6,109.52333333333334,181.30833333333334,427.80781666666667,22,0.8051457358762145
32,4,2r_static,static,2,pf-classic,6,100.165,181.39,427.53408333333334,22,0.8049556035517159
32,4,2r_static,static,2,risk-aware,6,100.165,181.39,427.53408333333334,22,0.8049556035517159
32,4,2r_static,static,2,round-robin,6,100.165,181.39,427.53408333333334,22,0.8049556035517159
32,8,2r_static,static,2,aoi-normalized,14,93.8,181.54642857142858,428.63912142857146,22,0.8032500257122287
32,8,2r_static,static,2,aoi-pure,14,93.8,181.54642857142858,428.63912142857146,22,0.8032500257122287
32,8,2r_static,static,2,max-weight-drift,14,96.3092857142857,181.46714285714285,428.62719285714286,22,0.803320824551483
32,8,2r_static,static,2,pf-classic,14,93.8,181.54642857142858,428.63912142857146,22,0.8032500257122287
32,8,2r_static,static,2,risk-aware,14,93.8,181.54642857142858,428.63912142857146,22,0.8032500257122287
32,8,2r_static,static,2,round-robin,14,93.8,181.54642857142858,428.63912142857146,22,0.8032500257122287
32,16,2r_static,static,2,aoi-normalized,28,96.5442857142857,182.50357142857143,438.2809107142857,21.928571428571427,0.7999305805522703
32,16,2r_static,static,2,aoi-pure,28,96.5442857142857,182.50357142857143,438.2809107142857,21.928571428571427,0.7999305805522703
32,16,2r_static,static,2,max-weight-drift,28,98.69321428571429,182.45535714285714,439.43739642857145,21.928571428571427,0.7999640176827387
32,16,2r_static,static,2,pf-classic,28,96.5442857142857,182.50357142857143,438.2809107142857,21.928571428571427,0.7999305805522703
32,16,2r_static,static,2,risk-aware,28,96.5442857142857,182.50357142857143,438.2809107142857,21.928571428571427,0.7999305805522703
32,16,2r_static,static,2,round-robin,28,96.5442857142857,182.50357142857143,438.2809107142857,21.928571428571427,0.7999305805522703
32,32,2r_static,static,2,aoi-normalized,56,87.80857142857143,184.0125,454.0908910714286,21.482142857142858,0.8005916811974687
32,32,2r_static,static,2,aoi-pure,56,91.4342857142857,182.54375,454.14739107142856,21.875,0.8002741348022497
32,32,2r_static,static,2,max-weight-drift,56,81.66446428571429,182.5769642857143,448.71625892857145,21.839285714285715,0.8002844529108156
32,32,2r_static,static,2,pf-classic,56,76.97053571428572,186.82,456.00908035714286,21.25,0.8002936567508131
32,32,2r_static,static,2,risk-aware,56,92.9675,182.59714285714287,455.83462142857144,21.910714285714285,0.8003501049027558
32,32,2r_static,static,2,round-robin,56,93.29535714285714,182.44839285714286,457.3963428571429,21.910714285714285,0.8003808396484953
32,62,2r_static,static,2,aoi-normalized,108,41.493425925925926,325.46842592592594,752.5769777777778,11.88888888888889,0.8001186455041829
32,62,2r_static,static,2,aoi-pure,108,150.49351851851853,270.84527777777777,779.075874074074,14.37037037037037,0.8003202634849113
32,62,2r_static,static,2,max-weight-drift,108,54.68435185185185,293.6614814814815,681.6052333333333,13.851851851851851,0.80022199285266
32,62,2r_static,static,2,pf-classic,108,66.23046296296296,295.0126851851852,696.878162962963,14.092592592592593,0.8002835035719403
32,62,2r_static,static,2,risk-aware,108,143.98064814814816,271.9017592592593,755.7134592592593,14.305555555555555,0.8001879775235478
32,62,2r_static,static,2,round-robin,108,139.98222222222222,287.0221296296296,800.5701324074074,14.277777777777779,0.8001690137994201
